order_id,distributor_id,order_date,order_value_inr,order_status
ORD-00001,DIST-001,2026-01-11,25000,delivered
ORD-00002,DIST-001,2026-04-20,150000,cancelled
ORD-00003,DIST-001,2024-07-12,50000,delivered
ORD-00004,DIST-001,2025-09-25,100000,delivered
ORD-00005,DIST-001,2025-03-12,150000,delivered
ORD-00006,DIST-001,2025-08-21,100000,delivered
ORD-00007,DIST-001,2024-09-02,100000,delivered
ORD-00008,DIST-001,2025-05-08,25000,delivered
ORD-00009,DIST-001,2024-11-12,200000,delivered
ORD-00010,DIST-001,2025-10-21,100000,delivered
ORD-00011,DIST-001,2025-12-16,25000,delivered
ORD-00012,DIST-001,2025-04-19,25000,delivered
ORD-00013,DIST-001,2025-07-19,300000,cancelled
ORD-00014,DIST-001,2024-06-02,150000,delivered
ORD-00015,DIST-001,2025-09-17,50000,delivered
ORD-00016,DIST-001,2025-11-13,300000,delivered
ORD-00017,DIST-001,2025-10-24,300000,delivered
ORD-00018,DIST-001,2024-07-23,150000,delivered
ORD-00019,DIST-001,2024-10-13,100000,pending
ORD-00020,DIST-001,2026-05-17,25000,delivered
ORD-00021,DIST-001,2026-03-08,50000,delivered
ORD-00022,DIST-001,2026-05-28,150000,delivered
ORD-00023,DIST-001,2024-06-15,25000,delivered
ORD-00024,DIST-001,2025-01-17,25000,pending
ORD-00025,DIST-001,2025-09-16,200000,pending
ORD-00026,DIST-002,2025-10-24,75000,pending
ORD-00027,DIST-002,2025-11-04,100000,delivered
ORD-00028,DIST-002,2025-10-08,50000,pending
ORD-00029,DIST-002,2025-09-11,100000,delivered
ORD-00030,DIST-002,2024-12-13,150000,pending
ORD-00031,DIST-002,2024-10-18,75000,cancelled
ORD-00032,DIST-002,2025-07-30,300000,delivered
ORD-00033,DIST-002,2025-11-02,25000,delivered
ORD-00034,DIST-003,2025-04-02,150000,cancelled
ORD-00035,DIST-003,2026-04-07,50000,delivered
ORD-00036,DIST-003,2025-09-01,75000,delivered
ORD-00037,DIST-003,2025-05-07,150000,delivered
ORD-00038,DIST-003,2025-06-22,75000,delivered
ORD-00039,DIST-003,2024-12-11,50000,pending
ORD-00040,DIST-003,2026-01-07,300000,delivered
ORD-00041,DIST-003,2025-07-26,200000,delivered
ORD-00042,DIST-003,2025-09-28,300000,delivered
ORD-00043,DIST-003,2025-06-26,200000,delivered
ORD-00044,DIST-003,2026-03-30,100000,pending
ORD-00045,DIST-003,2024-07-08,150000,delivered
ORD-00046,DIST-003,2025-05-06,300000,cancelled
ORD-00047,DIST-004,2024-09-11,100000,delivered
ORD-00048,DIST-004,2024-06-16,100000,delivered
ORD-00049,DIST-004,2026-04-02,25000,pending
ORD-00050,DIST-004,2025-09-24,75000,delivered
ORD-00051,DIST-004,2025-05-13,100000,delivered
ORD-00052,DIST-004,2026-03-28,75000,delivered
ORD-00053,DIST-004,2026-04-22,100000,cancelled
ORD-00054,DIST-004,2025-04-21,300000,delivered
ORD-00055,DIST-004,2025-10-13,25000,cancelled
ORD-00056,DIST-004,2026-02-23,200000,delivered
ORD-00057,DIST-004,2026-05-02,50000,pending
ORD-00058,DIST-004,2024-09-01,25000,delivered
ORD-00059,DIST-004,2026-03-11,25000,delivered
ORD-00060,DIST-004,2025-08-29,75000,delivered
ORD-00061,DIST-004,2024-06-30,300000,delivered
ORD-00062,DIST-004,2024-07-28,75000,delivered
ORD-00063,DIST-004,2025-08-16,150000,delivered
ORD-00064,DIST-004,2025-07-27,300000,delivered
ORD-00065,DIST-005,2024-11-22,150000,delivered
ORD-00066,DIST-005,2025-06-27,50000,delivered
ORD-00067,DIST-005,2025-10-23,50000,pending
ORD-00068,DIST-005,2025-01-24,75000,delivered
ORD-00069,DIST-005,2025-09-14,25000,delivered
ORD-00070,DIST-005,2025-09-20,200000,pending
ORD-00071,DIST-005,2025-12-12,100000,delivered
ORD-00072,DIST-005,2025-05-20,75000,pending
ORD-00073,DIST-005,2026-03-17,200000,pending
ORD-00074,DIST-006,2025-09-11,50000,cancelled
ORD-00075,DIST-006,2025-06-29,25000,cancelled
ORD-00076,DIST-006,2025-01-29,75000,delivered
ORD-00077,DIST-006,2026-01-10,200000,delivered
ORD-00078,DIST-006,2025-03-30,300000,delivered
ORD-00079,DIST-006,2026-04-06,25000,delivered
ORD-00080,DIST-006,2026-01-01,300000,cancelled
ORD-00081,DIST-006,2024-07-21,200000,pending
ORD-00082,DIST-006,2025-10-22,75000,cancelled
ORD-00083,DIST-006,2025-01-22,75000,delivered
ORD-00084,DIST-006,2025-01-11,150000,delivered
ORD-00085,DIST-006,2025-02-12,200000,delivered
ORD-00086,DIST-007,2026-04-29,200000,cancelled
ORD-00087,DIST-007,2024-09-08,200000,pending
ORD-00088,DIST-007,2024-07-11,100000,delivered
ORD-00089,DIST-007,2024-07-05,200000,delivered
ORD-00090,DIST-007,2024-10-13,,delivered
ORD-00091,DIST-007,2025-05-01,50000,delivered
ORD-00092,DIST-007,2024-12-23,150000,delivered
ORD-00093,DIST-007,2025-06-10,75000,delivered
ORD-00094,DIST-007,2024-11-16,300000,delivered
ORD-00095,DIST-007,2025-10-07,75000,pending
ORD-00096,DIST-007,2025-05-13,100000,cancelled
ORD-00097,DIST-007,2024-08-17,50000,delivered
ORD-00098,DIST-007,2026-04-24,100000,delivered
ORD-00099,DIST-007,2025-12-23,300000,delivered
ORD-00100,DIST-007,2025-07-10,150000,delivered
ORD-00101,DIST-007,2024-10-05,200000,delivered
ORD-00102,DIST-007,2026-04-20,100000,delivered
ORD-00103,DIST-007,2026-03-16,25000,pending
ORD-00104,DIST-007,2026-04-23,25000,delivered
ORD-00105,DIST-007,2026-02-25,150000,cancelled
ORD-00106,DIST-007,2025-05-02,50000,pending
ORD-00107,DIST-007,2026-03-26,300000,delivered
ORD-00108,DIST-007,2025-09-19,75000,pending
ORD-00109,DIST-007,2026-03-27,50000,delivered
ORD-00110,DIST-007,2024-07-17,75000,pending
ORD-00111,DIST-008,2024-09-27,150000,delivered
ORD-00112,DIST-008,2024-10-17,75000,delivered
ORD-00113,DIST-008,2026-04-18,200000,pending
ORD-00114,DIST-008,2025-12-06,200000,delivered
ORD-00115,DIST-008,2024-11-06,200000,cancelled
ORD-00116,DIST-008,2024-09-10,150000,cancelled
ORD-00117,DIST-008,2025-07-23,75000,pending
ORD-00118,DIST-008,2024-07-04,50000,delivered
ORD-00119,DIST-008,2025-08-29,50000,delivered
ORD-00120,DIST-008,2025-06-07,200000,delivered
ORD-00121,DIST-008,2025-06-12,200000,delivered
ORD-00122,DIST-008,2025-06-03,75000,delivered
ORD-00123,DIST-008,2024-12-12,300000,pending
ORD-00124,DIST-008,2025-09-09,50000,delivered
ORD-00125,DIST-008,2026-03-20,25000,delivered
ORD-00126,DIST-008,2024-07-22,50000,delivered
ORD-00127,DIST-008,2024-10-07,50000,delivered
ORD-00128,DIST-008,2024-08-10,150000,cancelled
ORD-00129,DIST-008,2024-12-30,300000,delivered
ORD-00130,DIST-009,2025-05-03,300000,delivered
ORD-00131,DIST-009,2026-02-01,300000,delivered
ORD-00132,DIST-009,2024-10-27,150000,pending
ORD-00133,DIST-009,2025-02-12,25000,delivered
ORD-00134,DIST-009,2026-04-08,50000,cancelled
ORD-00135,DIST-009,2024-06-16,300000,delivered
ORD-00136,DIST-009,2025-01-30,25000,delivered
ORD-00137,DIST-009,2024-11-26,50000,delivered
ORD-00138,DIST-009,2025-08-06,200000,delivered
ORD-00139,DIST-009,2024-08-05,300000,delivered
ORD-00140,DIST-009,2025-06-06,25000,delivered
ORD-00141,DIST-010,2025-10-29,150000,delivered
ORD-00142,DIST-010,2024-07-15,300000,delivered
ORD-00143,DIST-010,2026-04-06,100000,delivered
ORD-00144,DIST-010,2026-03-21,25000,pending
ORD-00145,DIST-010,2025-10-04,100000,cancelled
ORD-00146,DIST-010,2026-05-04,200000,delivered
ORD-00147,DIST-010,2025-08-29,25000,delivered
ORD-00148,DIST-010,2025-04-26,25000,delivered
ORD-00149,DIST-010,2024-10-08,200000,delivered
ORD-00150,DIST-010,2026-01-21,75000,delivered
ORD-00151,DIST-010,2025-06-26,150000,pending
ORD-00152,DIST-010,2025-03-29,150000,delivered
ORD-00153,DIST-010,2025-08-15,200000,delivered
ORD-00154,DIST-010,2024-09-26,200000,cancelled
ORD-00155,DIST-010,2025-12-17,50000,delivered
ORD-00156,DIST-010,2025-08-15,50000,delivered
ORD-00157,DIST-010,2025-07-29,100000,delivered
ORD-00158,DIST-010,2025-07-14,25000,delivered
ORD-00159,DIST-011,2025-08-12,75000,delivered
ORD-00160,DIST-011,2025-06-19,200000,pending
ORD-00161,DIST-011,2025-09-29,300000,delivered
ORD-00162,DIST-011,2024-08-27,25000,delivered
ORD-00163,DIST-011,2025-06-17,150000,cancelled
ORD-00164,DIST-011,2024-08-01,150000,delivered
ORD-00165,DIST-011,2025-12-28,25000,delivered
ORD-00166,DIST-011,2025-07-26,200000,delivered
ORD-00167,DIST-011,2025-08-08,200000,cancelled
ORD-00168,DIST-011,2024-07-23,150000,pending
ORD-00169,DIST-011,2025-04-16,150000,delivered
ORD-00170,DIST-011,2025-11-02,200000,delivered
ORD-00171,DIST-011,2025-10-07,25000,delivered
ORD-00172,DIST-011,2025-05-25,75000,cancelled
ORD-00173,DIST-012,2025-03-13,300000,delivered
ORD-00174,DIST-012,2025-08-14,300000,cancelled
ORD-00175,DIST-012,2026-02-27,200000,delivered
ORD-00176,DIST-012,2025-12-23,200000,delivered
ORD-00177,DIST-012,2026-05-12,50000,delivered
ORD-00178,DIST-012,2025-03-07,75000,delivered
ORD-00179,DIST-012,2025-05-14,50000,delivered
ORD-00180,DIST-013,2026-01-01,25000,delivered
ORD-00181,DIST-013,2024-10-24,25000,delivered
ORD-00182,DIST-013,2024-09-02,50000,delivered
ORD-00183,DIST-013,2025-06-21,75000,delivered
ORD-00184,DIST-013,2024-11-09,200000,delivered
ORD-00185,DIST-013,2025-04-29,150000,delivered
ORD-00186,DIST-013,2026-02-01,25000,delivered
ORD-00187,DIST-013,2024-11-07,150000,delivered
ORD-00188,DIST-014,2026-04-22,100000,delivered
ORD-00189,DIST-014,2026-04-09,150000,delivered
ORD-00190,DIST-014,2025-08-27,50000,delivered
ORD-00191,DIST-014,2025-11-07,100000,delivered
ORD-00192,DIST-014,2024-09-22,200000,delivered
ORD-00193,DIST-015,2025-10-12,75000,delivered
ORD-00194,DIST-015,2024-07-17,150000,delivered
ORD-00195,DIST-015,2024-07-27,75000,delivered
ORD-00196,DIST-015,2025-01-03,300000,delivered
ORD-00197,DIST-015,2025-02-17,25000,delivered
ORD-00198,DIST-015,2024-06-08,100000,delivered
ORD-00199,DIST-015,2024-11-27,150000,delivered
ORD-00200,DIST-015,2026-05-22,150000,delivered
ORD-00201,DIST-015,2026-04-16,25000,cancelled
ORD-00202,DIST-015,2025-07-12,25000,cancelled
ORD-00203,DIST-015,2025-08-21,25000,delivered
ORD-00204,DIST-015,2025-04-17,150000,delivered
ORD-00205,DIST-015,2025-07-20,100000,delivered
ORD-00206,DIST-015,2025-03-24,25000,delivered
ORD-00207,DIST-015,2025-04-29,150000,delivered
ORD-00208,DIST-015,2025-09-15,75000,cancelled
ORD-00209,DIST-015,2024-08-30,25000,delivered
ORD-00210,DIST-015,2025-02-05,100000,delivered
ORD-00211,DIST-015,2025-11-19,300000,delivered
ORD-00212,DIST-015,2025-04-14,50000,delivered
ORD-00213,DIST-015,2025-05-08,25000,delivered
ORD-00214,DIST-015,2025-11-05,150000,delivered
ORD-00215,DIST-016,2024-12-16,75000,pending
ORD-00216,DIST-016,2025-05-26,300000,delivered
ORD-00217,DIST-016,2026-03-23,50000,cancelled
ORD-00218,DIST-016,2024-09-14,50000,delivered
ORD-00219,DIST-016,2024-11-25,300000,delivered
ORD-00220,DIST-016,2026-04-03,300000,delivered
ORD-00221,DIST-016,2026-03-06,300000,delivered
ORD-00222,DIST-016,2025-12-30,100000,delivered
ORD-00223,DIST-016,2026-04-29,150000,pending
ORD-00224,DIST-016,2026-03-21,150000,delivered
ORD-00225,DIST-016,2025-04-27,200000,cancelled
ORD-00226,DIST-016,2025-04-20,25000,delivered
ORD-00227,DIST-016,2025-09-24,75000,delivered
ORD-00228,DIST-016,2025-03-09,75000,delivered
ORD-00229,DIST-016,2025-11-02,100000,delivered
ORD-00230,DIST-016,2025-09-06,75000,delivered
ORD-00231,DIST-016,2025-03-21,300000,delivered
ORD-00232,DIST-016,2024-09-01,150000,delivered
ORD-00233,DIST-016,2025-06-29,150000,delivered
ORD-00234,DIST-016,2024-07-13,300000,delivered
ORD-00235,DIST-017,2026-03-30,150000,delivered
ORD-00236,DIST-017,2025-10-01,25000,delivered
ORD-00237,DIST-017,2025-09-05,300000,delivered
ORD-00238,DIST-017,2025-05-18,25000,pending
ORD-00239,DIST-017,2025-10-30,25000,delivered
ORD-00240,DIST-017,2025-02-09,100000,delivered
ORD-00241,DIST-017,2025-11-19,50000,delivered
ORD-00242,DIST-017,2025-06-08,75000,delivered
ORD-00243,DIST-017,2025-07-02,75000,delivered
ORD-00244,DIST-017,2026-04-27,300000,delivered
ORD-00245,DIST-017,2026-03-09,25000,delivered
ORD-00246,DIST-017,2025-05-04,200000,delivered
ORD-00247,DIST-017,2025-07-01,200000,delivered
ORD-00248,DIST-017,2026-04-04,150000,pending
ORD-00249,DIST-017,2024-11-01,150000,delivered
ORD-00250,DIST-017,2026-04-11,75000,delivered
ORD-00251,DIST-017,2025-04-14,200000,pending
ORD-00252,DIST-017,2026-04-10,150000,delivered
ORD-00253,DIST-017,2026-05-27,75000,pending
ORD-00254,DIST-017,2025-12-25,300000,delivered
ORD-00255,DIST-017,2025-05-03,200000,cancelled
ORD-00256,DIST-017,2026-05-21,200000,cancelled
ORD-00257,DIST-018,2025-11-22,200000,delivered
ORD-00258,DIST-018,2025-08-08,25000,delivered
ORD-00259,DIST-018,2025-06-07,50000,delivered
ORD-00260,DIST-018,2025-05-16,100000,pending
ORD-00261,DIST-018,2024-12-14,50000,delivered
ORD-00262,DIST-018,2024-11-06,300000,delivered
ORD-00263,DIST-018,2024-09-12,150000,delivered
ORD-00264,DIST-018,2025-11-22,75000,delivered
ORD-00265,DIST-018,2026-02-23,100000,delivered
ORD-00266,DIST-018,2024-11-05,300000,delivered
ORD-00267,DIST-018,2026-05-11,300000,delivered
ORD-00268,DIST-018,2024-11-17,25000,delivered
ORD-00269,DIST-018,2025-07-26,200000,delivered
ORD-00270,DIST-018,2025-01-30,150000,pending
ORD-00271,DIST-018,2025-03-19,300000,delivered
ORD-00272,DIST-018,2025-09-03,50000,delivered
ORD-00273,DIST-018,2025-04-13,300000,pending
ORD-00274,DIST-018,2025-09-24,50000,pending
ORD-00275,DIST-018,2025-06-12,150000,delivered
ORD-00276,DIST-018,2025-08-26,75000,delivered
ORD-00277,DIST-018,2025-06-27,100000,delivered
ORD-00278,DIST-018,2024-11-13,300000,cancelled
ORD-00279,DIST-018,2026-02-10,75000,delivered
ORD-00280,DIST-018,2024-07-24,300000,delivered
ORD-00281,DIST-018,2025-06-16,25000,delivered
ORD-00282,DIST-019,2024-10-06,300000,delivered
ORD-00283,DIST-019,2024-11-12,150000,delivered
ORD-00284,DIST-019,2024-10-29,25000,cancelled
ORD-00285,DIST-019,2025-01-14,75000,cancelled
ORD-00286,DIST-019,2024-06-28,100000,delivered
ORD-00287,DIST-019,2025-10-28,100000,delivered
ORD-00288,DIST-019,2024-08-23,25000,delivered
ORD-00289,DIST-019,2025-04-23,300000,pending
ORD-00290,DIST-019,2026-06-02,300000,delivered
ORD-00291,DIST-019,2024-10-28,75000,delivered
ORD-00292,DIST-019,2025-09-27,50000,delivered
ORD-00293,DIST-019,2026-05-24,150000,delivered
ORD-00294,DIST-019,2024-06-06,25000,pending
ORD-00295,DIST-019,2025-02-18,50000,delivered
ORD-00296,DIST-019,2025-12-14,150000,pending
ORD-00297,DIST-019,2025-11-23,300000,delivered
ORD-00298,DIST-019,2025-03-23,25000,delivered
ORD-00299,DIST-019,2024-07-19,200000,delivered
ORD-00300,DIST-019,2026-02-28,25000,delivered
ORD-00301,DIST-019,2025-10-25,25000,delivered
ORD-00302,DIST-020,2025-11-10,200000,delivered
ORD-00303,DIST-020,2024-10-26,25000,delivered
ORD-00304,DIST-020,2026-02-20,150000,delivered
ORD-00305,DIST-020,2025-08-01,200000,delivered
ORD-00306,DIST-020,2024-08-27,75000,delivered
ORD-00307,DIST-020,2024-08-09,150000,pending
ORD-00308,DIST-020,2025-11-02,150000,delivered
ORD-00309,DIST-020,2025-12-20,300000,delivered
ORD-00310,DIST-020,2025-09-25,100000,delivered
ORD-00311,DIST-020,2025-06-18,25000,delivered
ORD-00312,DIST-020,2025-06-01,75000,delivered
ORD-00313,DIST-020,2025-02-02,200000,delivered
ORD-00314,DIST-020,2024-09-15,200000,delivered
ORD-00315,DIST-020,2025-05-07,75000,delivered
ORD-00316,DIST-020,2025-12-12,200000,delivered
ORD-00317,DIST-020,2024-11-27,200000,cancelled
ORD-00318,DIST-020,2025-09-19,100000,pending
ORD-00319,DIST-020,2026-03-09,50000,delivered
ORD-00320,DIST-020,2024-08-04,100000,delivered
ORD-00321,DIST-020,2024-07-08,25000,delivered
ORD-00322,DIST-020,2024-12-22,75000,cancelled
ORD-00323,DIST-020,2025-04-14,300000,delivered
ORD-00324,DIST-020,2025-12-09,25000,delivered
ORD-00325,DIST-020,2026-03-25,75000,delivered
ORD-00326,DIST-021,2026-04-03,25000,delivered
ORD-00327,DIST-021,2025-06-12,100000,delivered
ORD-00328,DIST-021,2025-08-25,100000,cancelled
ORD-00329,DIST-021,2025-05-14,100000,pending
ORD-00330,DIST-021,2026-05-10,300000,delivered
ORD-00331,DIST-022,2025-03-01,200000,cancelled
ORD-00332,DIST-022,2025-08-09,150000,delivered
ORD-00333,DIST-022,2024-12-02,75000,delivered
ORD-00334,DIST-022,2024-09-14,200000,delivered
ORD-00335,DIST-022,2025-03-30,150000,delivered
ORD-00336,DIST-022,2026-06-05,200000,delivered
ORD-00337,DIST-022,2025-08-29,25000,delivered
ORD-00338,DIST-022,2025-05-28,100000,delivered
ORD-00339,DIST-022,2025-03-09,300000,delivered
ORD-00340,DIST-022,2024-07-29,200000,delivered
ORD-00341,DIST-022,2025-07-21,300000,delivered
ORD-00342,DIST-022,2026-04-27,25000,delivered
ORD-00343,DIST-022,2024-10-25,200000,cancelled
ORD-00344,DIST-022,2025-08-23,25000,delivered
ORD-00345,DIST-022,2025-01-28,75000,delivered
ORD-00346,DIST-022,2025-06-06,150000,delivered
ORD-00347,DIST-022,2024-07-04,200000,delivered
ORD-00348,DIST-022,2025-09-04,75000,pending
ORD-00349,DIST-022,2025-08-29,150000,delivered
ORD-00350,DIST-022,2024-10-19,100000,delivered
ORD-00351,DIST-023,2026-03-28,25000,delivered
ORD-00352,DIST-023,2024-06-27,100000,delivered
ORD-00353,DIST-023,2025-11-13,150000,delivered
ORD-00354,DIST-023,2024-09-29,75000,delivered
ORD-00355,DIST-023,2026-05-22,150000,delivered
ORD-00356,DIST-023,2025-03-20,100000,delivered
ORD-00357,DIST-023,2024-12-22,300000,delivered
ORD-00358,DIST-023,2024-08-15,200000,delivered
ORD-00359,DIST-023,2025-08-30,300000,pending
ORD-00360,DIST-023,2026-04-30,75000,pending
ORD-00361,DIST-023,2026-04-15,25000,delivered
ORD-00362,DIST-023,2025-12-16,75000,delivered
ORD-00363,DIST-023,2024-11-09,200000,delivered
ORD-00364,DIST-023,2026-03-16,75000,delivered
ORD-00365,DIST-024,2025-01-16,50000,delivered
ORD-00366,DIST-024,2024-10-21,100000,delivered
ORD-00367,DIST-024,2024-06-27,150000,delivered
ORD-00368,DIST-024,2025-06-13,150000,delivered
ORD-00369,DIST-024,2024-10-11,25000,delivered
ORD-00370,DIST-024,2024-08-07,200000,delivered
ORD-00371,DIST-024,2026-06-07,100000,delivered
ORD-00372,DIST-024,2025-07-25,25000,cancelled
ORD-00373,DIST-024,2024-10-07,200000,pending
ORD-00374,DIST-024,2024-08-15,200000,delivered
ORD-00375,DIST-024,2025-11-12,300000,delivered
ORD-00376,DIST-024,2025-12-17,50000,delivered
ORD-00377,DIST-024,2024-10-11,300000,delivered
ORD-00378,DIST-024,2024-07-27,150000,cancelled
ORD-00379,DIST-024,2024-11-04,50000,delivered
ORD-00380,DIST-024,2025-04-27,50000,pending
ORD-00381,DIST-024,2025-05-21,150000,pending
ORD-00382,DIST-024,2025-03-18,75000,cancelled
ORD-00383,DIST-024,2024-12-19,150000,delivered
ORD-00384,DIST-024,2025-03-09,75000,delivered
ORD-00385,DIST-025,2025-11-29,200000,delivered
ORD-00386,DIST-025,2024-11-20,150000,delivered
ORD-00387,DIST-025,2024-11-05,150000,delivered
ORD-00388,DIST-025,2026-06-08,75000,pending
ORD-00389,DIST-025,2025-12-30,300000,delivered
ORD-00390,DIST-025,2024-06-30,200000,delivered
ORD-00391,DIST-025,2026-01-12,50000,delivered
ORD-00392,DIST-025,2026-01-07,200000,delivered
ORD-00393,DIST-025,2024-07-02,200000,delivered
ORD-00394,DIST-025,2025-12-11,75000,delivered
ORD-00395,DIST-025,2025-10-08,300000,delivered
ORD-00396,DIST-025,2026-05-03,100000,delivered
ORD-00397,DIST-025,2024-08-14,50000,delivered
ORD-00398,DIST-025,2025-08-25,100000,delivered
ORD-00399,DIST-025,2024-12-26,50000,delivered
ORD-00400,DIST-025,2025-04-17,75000,cancelled
ORD-00401,DIST-025,2025-05-20,50000,pending
ORD-00402,DIST-025,2025-06-15,25000,delivered
ORD-00403,DIST-025,2025-04-23,25000,delivered
ORD-00404,DIST-025,2025-03-01,50000,delivered
ORD-00405,DIST-025,2024-09-08,100000,delivered
ORD-00406,DIST-025,2026-02-21,300000,delivered
ORD-00407,DIST-025,2024-11-11,150000,cancelled
ORD-00408,DIST-026,2024-12-12,100000,delivered
ORD-00409,DIST-026,2025-11-10,75000,delivered
ORD-00410,DIST-026,2025-10-23,100000,delivered
ORD-00411,DIST-026,2025-10-31,50000,delivered
ORD-00412,DIST-026,2025-01-07,25000,delivered
ORD-00413,DIST-026,2024-07-22,150000,delivered
ORD-00414,DIST-026,2026-04-01,75000,delivered
ORD-00415,DIST-026,2025-12-02,25000,delivered
ORD-00416,DIST-026,2025-08-16,75000,delivered
ORD-00417,DIST-026,2025-06-10,75000,delivered
ORD-00418,DIST-026,2024-07-17,150000,delivered
ORD-00419,DIST-026,2025-12-28,150000,delivered
ORD-00420,DIST-026,2025-03-23,150000,delivered
ORD-00421,DIST-026,2025-09-05,75000,delivered
ORD-00422,DIST-027,2026-04-28,50000,delivered
ORD-00423,DIST-027,2024-09-08,300000,delivered
ORD-00424,DIST-027,2025-05-14,75000,delivered
ORD-00425,DIST-027,2024-10-26,150000,delivered
ORD-00426,DIST-027,2025-07-17,25000,delivered
ORD-00427,DIST-027,2024-07-10,75000,delivered
ORD-00428,DIST-027,2025-09-29,50000,delivered
ORD-00429,DIST-027,2026-02-11,50000,cancelled
ORD-00430,DIST-027,2025-05-02,75000,pending
ORD-00431,DIST-027,2024-11-14,150000,delivered
ORD-00432,DIST-027,2025-04-03,150000,delivered
ORD-00433,DIST-027,2025-11-04,200000,delivered
ORD-00434,DIST-027,2025-12-29,300000,delivered
ORD-00435,DIST-027,2024-06-18,200000,delivered
ORD-00436,DIST-027,2024-09-21,150000,pending
ORD-00437,DIST-027,2025-04-12,200000,delivered
ORD-00438,DIST-027,2026-05-06,150000,delivered
ORD-00439,DIST-027,2025-09-29,200000,delivered
ORD-00440,DIST-027,2026-01-14,200000,delivered
ORD-00441,DIST-027,2024-07-23,50000,delivered
ORD-00442,DIST-027,2025-11-19,150000,delivered
ORD-00443,DIST-027,2025-06-25,200000,delivered
ORD-00444,DIST-027,2025-02-04,200000,delivered
ORD-00445,DIST-028,2024-12-13,75000,delivered
ORD-00446,DIST-028,2025-08-03,200000,delivered
ORD-00447,DIST-028,2024-12-26,300000,delivered
ORD-00448,DIST-028,2026-02-17,300000,pending
ORD-00449,DIST-028,2024-08-03,150000,delivered
ORD-00450,DIST-028,2024-12-30,200000,delivered
ORD-00451,DIST-028,2025-10-03,75000,delivered
ORD-00452,DIST-029,2025-09-14,75000,pending
ORD-00453,DIST-029,2025-12-12,300000,delivered
ORD-00454,DIST-029,2026-06-09,300000,delivered
ORD-00455,DIST-029,2026-05-11,100000,delivered
ORD-00456,DIST-029,2024-12-14,75000,pending
ORD-00457,DIST-029,2025-12-24,75000,delivered
ORD-00458,DIST-029,2025-03-23,200000,delivered
ORD-00459,DIST-029,2026-05-23,100000,delivered
ORD-00460,DIST-029,2025-05-24,300000,delivered
ORD-00461,DIST-030,2025-03-22,200000,delivered
ORD-00462,DIST-030,2025-12-09,100000,delivered
ORD-00463,DIST-030,2025-05-20,300000,pending
ORD-00464,DIST-030,2024-10-28,75000,delivered
ORD-00465,DIST-030,2026-06-02,100000,delivered
ORD-00466,DIST-030,2026-04-03,100000,delivered
ORD-00467,DIST-030,2025-01-06,150000,delivered
ORD-00468,DIST-030,2025-03-05,200000,pending
ORD-00469,DIST-030,2025-03-06,150000,delivered
ORD-00470,DIST-030,2026-01-22,25000,delivered
ORD-00471,DIST-030,2026-04-17,50000,pending
ORD-00472,DIST-030,2026-03-16,25000,delivered
ORD-00473,DIST-031,2025-05-05,25000,delivered
ORD-00474,DIST-031,2026-04-29,25000,delivered
ORD-00475,DIST-031,2025-12-16,50000,pending
ORD-00476,DIST-031,2025-07-22,100000,delivered
ORD-00477,DIST-031,2025-10-02,300000,delivered
ORD-00478,DIST-031,2025-03-22,200000,delivered
ORD-00479,DIST-031,2024-07-31,25000,pending
ORD-00480,DIST-031,2026-03-30,150000,delivered
ORD-00481,DIST-031,2024-07-09,50000,pending
ORD-00482,DIST-031,2025-08-02,50000,cancelled
ORD-00483,DIST-031,2024-07-08,100000,pending
ORD-00484,DIST-031,2025-10-21,200000,delivered
ORD-00485,DIST-031,2025-03-24,25000,cancelled
ORD-00486,DIST-031,2025-04-02,25000,delivered
ORD-00487,DIST-031,2025-05-10,200000,delivered
ORD-00488,DIST-031,2025-12-09,50000,delivered
ORD-00489,DIST-031,2025-10-30,50000,delivered
ORD-00490,DIST-032,2025-05-05,100000,delivered
ORD-00491,DIST-032,2026-03-26,50000,delivered
ORD-00492,DIST-032,2024-06-15,300000,delivered
ORD-00493,DIST-032,2025-03-30,300000,delivered
ORD-00494,DIST-032,2024-12-15,300000,delivered
ORD-00495,DIST-032,2026-03-17,300000,cancelled
ORD-00496,DIST-032,2025-08-12,25000,delivered
ORD-00497,DIST-033,2026-04-17,50000,delivered
ORD-00498,DIST-033,2025-10-02,50000,delivered
ORD-00499,DIST-033,2024-06-07,50000,delivered
ORD-00500,DIST-033,2025-09-01,75000,delivered
ORD-00501,DIST-033,2025-04-06,150000,delivered
ORD-00502,DIST-033,2024-06-12,75000,delivered
ORD-00503,DIST-033,2026-05-11,200000,delivered
ORD-00504,DIST-033,2024-09-30,50000,delivered
ORD-00505,DIST-033,2025-07-21,200000,delivered
ORD-00506,DIST-033,2025-04-15,200000,delivered
ORD-00507,DIST-033,2025-03-30,50000,delivered
ORD-00508,DIST-033,2025-01-11,100000,pending
ORD-00509,DIST-033,2024-11-04,150000,delivered
ORD-00510,DIST-033,2025-06-18,150000,delivered
ORD-00511,DIST-033,2025-09-26,300000,delivered
ORD-00512,DIST-033,2026-04-12,300000,cancelled
ORD-00513,DIST-034,2026-04-28,300000,delivered
ORD-00514,DIST-034,2024-08-23,150000,delivered
ORD-00515,DIST-034,2026-05-22,150000,delivered
ORD-00516,DIST-034,2024-09-23,150000,delivered
ORD-00517,DIST-034,2025-10-31,150000,delivered
ORD-00518,DIST-034,2024-11-01,300000,delivered
ORD-00519,DIST-034,2025-11-15,200000,delivered
ORD-00520,DIST-034,2024-12-28,100000,delivered
ORD-00521,DIST-034,2024-09-02,100000,cancelled
ORD-00522,DIST-034,2024-07-27,150000,delivered
ORD-00523,DIST-034,2025-07-31,25000,delivered
ORD-00524,DIST-035,2025-09-17,75000,delivered
ORD-00525,DIST-035,2024-06-23,300000,delivered
ORD-00526,DIST-035,2024-06-04,150000,delivered
ORD-00527,DIST-035,2024-08-14,75000,delivered
ORD-00528,DIST-035,2026-05-19,25000,delivered
ORD-00529,DIST-035,2024-08-10,100000,pending
ORD-00530,DIST-035,2024-07-03,50000,delivered
ORD-00531,DIST-035,2024-10-17,200000,delivered
ORD-00532,DIST-035,2026-03-24,75000,pending
ORD-00533,DIST-035,2025-06-27,100000,delivered
ORD-00534,DIST-035,2025-06-20,200000,delivered
ORD-00535,DIST-035,2025-12-05,300000,delivered
ORD-00536,DIST-035,2025-05-23,150000,delivered
ORD-00537,DIST-035,2025-07-08,200000,delivered
ORD-00538,DIST-035,2025-01-15,300000,cancelled
ORD-00539,DIST-035,2024-06-24,100000,pending
ORD-00540,DIST-035,2026-04-21,100000,delivered
ORD-00541,DIST-035,2025-11-27,50000,delivered
ORD-00542,DIST-035,2025-02-09,50000,delivered
ORD-00543,DIST-035,2025-03-10,200000,delivered
ORD-00544,DIST-035,2024-09-24,200000,delivered
ORD-00545,DIST-036,2026-02-20,25000,delivered
ORD-00546,DIST-036,2025-02-02,25000,delivered
ORD-00547,DIST-036,2026-01-30,150000,delivered
ORD-00548,DIST-036,2026-04-20,25000,delivered
ORD-00549,DIST-036,2025-02-06,100000,delivered
ORD-00550,DIST-036,2025-08-24,50000,delivered
ORD-00551,DIST-036,2024-07-28,75000,delivered
ORD-00552,DIST-036,2025-01-26,200000,cancelled
ORD-00553,DIST-036,2026-01-11,150000,delivered
ORD-00554,DIST-036,2026-04-20,50000,cancelled
ORD-00555,DIST-036,2025-04-06,200000,cancelled
ORD-00556,DIST-036,2025-11-16,75000,delivered
ORD-00557,DIST-036,2025-03-09,150000,delivered
ORD-00558,DIST-036,2024-11-27,100000,delivered
ORD-00559,DIST-036,2025-12-22,75000,delivered
ORD-00560,DIST-036,2026-03-21,300000,delivered
ORD-00561,DIST-036,2025-11-20,100000,delivered
ORD-00562,DIST-037,2024-10-31,50000,delivered
ORD-00563,DIST-037,2025-12-03,300000,delivered
ORD-00564,DIST-037,2025-01-17,200000,delivered
ORD-00565,DIST-037,2024-10-26,25000,cancelled
ORD-00566,DIST-037,2025-12-28,100000,delivered
ORD-00567,DIST-037,2025-12-23,100000,delivered
ORD-00568,DIST-037,2025-02-04,75000,delivered
ORD-00569,DIST-037,2026-03-25,100000,delivered
ORD-00570,DIST-037,2025-06-15,200000,delivered
ORD-00571,DIST-037,2024-12-13,100000,delivered
ORD-00572,DIST-037,2026-04-21,25000,delivered
ORD-00573,DIST-037,2024-08-14,300000,delivered
ORD-00574,DIST-037,2026-01-23,150000,delivered
ORD-00575,DIST-037,2025-01-09,300000,delivered
ORD-00576,DIST-037,2025-05-07,25000,delivered
ORD-00577,DIST-037,2025-01-03,200000,pending
ORD-00578,DIST-037,2024-09-29,300000,delivered
ORD-00579,DIST-038,2025-02-04,200000,delivered
ORD-00580,DIST-038,2024-12-27,50000,delivered
ORD-00581,DIST-038,2025-12-18,75000,delivered
ORD-00582,DIST-038,2025-06-25,200000,delivered
ORD-00583,DIST-038,2025-06-03,75000,delivered
ORD-00584,DIST-038,2025-11-08,100000,cancelled
ORD-00585,DIST-038,2024-09-09,200000,cancelled
ORD-00586,DIST-038,2025-09-24,75000,delivered
ORD-00587,DIST-038,2024-12-26,100000,delivered
ORD-00588,DIST-038,2024-07-17,50000,delivered
ORD-00589,DIST-038,2024-10-28,150000,delivered
ORD-00590,DIST-038,2026-01-20,100000,delivered
ORD-00591,DIST-038,2025-03-30,75000,delivered
ORD-00592,DIST-038,2025-01-22,300000,delivered
ORD-00593,DIST-038,2025-02-07,200000,delivered
ORD-00594,DIST-038,2026-05-03,300000,delivered
ORD-00595,DIST-038,2025-10-14,200000,pending
ORD-00596,DIST-038,2025-10-16,200000,delivered
ORD-00597,DIST-038,2025-05-27,200000,delivered
ORD-00598,DIST-039,2025-10-14,150000,delivered
ORD-00599,DIST-039,2026-03-20,150000,pending
ORD-00600,DIST-039,2024-07-05,25000,cancelled
ORD-00601,DIST-039,2026-04-16,25000,delivered
ORD-00602,DIST-039,2025-07-28,200000,delivered
ORD-00603,DIST-039,2025-01-23,50000,delivered
ORD-00604,DIST-039,2024-06-10,100000,delivered
ORD-00605,DIST-039,2025-06-18,200000,delivered
ORD-00606,DIST-039,2026-04-14,100000,pending
ORD-00607,DIST-039,2026-04-07,25000,delivered
ORD-00608,DIST-039,2025-11-27,25000,delivered
ORD-00609,DIST-039,2024-06-18,75000,delivered
ORD-00610,DIST-039,2025-12-01,25000,pending
ORD-00611,DIST-039,2025-10-28,200000,cancelled
ORD-00612,DIST-039,2025-08-15,50000,cancelled
ORD-00613,DIST-039,2024-09-18,150000,pending
ORD-00614,DIST-039,2024-10-31,150000,delivered
ORD-00615,DIST-039,2025-11-22,75000,delivered
ORD-00616,DIST-039,2025-03-01,25000,delivered
ORD-00617,DIST-039,2025-06-18,100000,pending
ORD-00618,DIST-039,2025-12-31,200000,delivered
ORD-00619,DIST-040,2025-04-04,300000,delivered
ORD-00620,DIST-040,2024-08-22,300000,delivered
ORD-00621,DIST-040,2026-03-28,25000,delivered
ORD-00622,DIST-040,2025-07-21,150000,delivered
ORD-00623,DIST-040,2025-10-01,25000,delivered
ORD-00624,DIST-040,2026-05-21,100000,delivered
ORD-00625,DIST-040,2025-08-19,75000,delivered
ORD-00626,DIST-040,2026-01-01,25000,pending
ORD-00627,DIST-040,2025-11-23,50000,pending
ORD-00628,DIST-040,2025-01-03,200000,pending
ORD-00629,DIST-040,2026-01-02,25000,delivered
ORD-00630,DIST-041,2026-05-02,150000,pending
ORD-00631,DIST-041,2025-12-30,50000,delivered
ORD-00632,DIST-041,2025-04-19,50000,delivered
ORD-00633,DIST-041,2026-01-23,300000,delivered
ORD-00634,DIST-041,2026-05-31,25000,cancelled
ORD-00635,DIST-041,2025-04-03,50000,delivered
ORD-00636,DIST-042,2025-07-04,150000,delivered
ORD-00637,DIST-042,2025-05-06,200000,delivered
ORD-00638,DIST-042,2024-10-22,200000,delivered
ORD-00639,DIST-042,2024-08-20,75000,delivered
ORD-00640,DIST-042,2024-07-25,50000,delivered
ORD-00641,DIST-042,2024-08-17,300000,delivered
ORD-00642,DIST-042,2026-02-19,100000,pending
ORD-00643,DIST-042,2025-05-01,75000,delivered
ORD-00644,DIST-042,2025-09-05,75000,delivered
ORD-00645,DIST-042,2025-12-19,100000,pending
ORD-00646,DIST-042,2024-12-08,200000,delivered
ORD-00647,DIST-042,2025-06-25,150000,delivered
ORD-00648,DIST-042,2025-03-30,200000,delivered
ORD-00649,DIST-042,2024-08-15,50000,delivered
ORD-00650,DIST-042,2025-06-25,200000,delivered
ORD-00651,DIST-042,2024-11-05,75000,delivered
ORD-00652,DIST-042,2025-06-05,25000,delivered
ORD-00653,DIST-042,2025-04-12,300000,delivered
ORD-00654,DIST-042,2025-03-04,25000,delivered
ORD-00655,DIST-042,2024-12-09,150000,delivered
ORD-00656,DIST-042,2025-12-21,25000,delivered
ORD-00657,DIST-042,2024-06-27,150000,delivered
ORD-00658,DIST-043,2026-02-02,75000,delivered
ORD-00659,DIST-043,2025-06-30,100000,delivered
ORD-00660,DIST-043,2025-07-03,200000,delivered
ORD-00661,DIST-043,2025-12-25,50000,pending
ORD-00662,DIST-043,2026-01-07,200000,delivered
ORD-00663,DIST-043,2025-06-25,75000,delivered
ORD-00664,DIST-044,2025-03-02,25000,delivered
ORD-00665,DIST-044,2024-11-19,100000,delivered
ORD-00666,DIST-044,2025-04-03,25000,delivered
ORD-00667,DIST-044,2025-06-05,50000,delivered
ORD-00668,DIST-044,2026-06-09,150000,delivered
ORD-00669,DIST-044,2026-02-22,25000,delivered
ORD-00670,DIST-044,2024-10-17,100000,delivered
ORD-00671,DIST-044,2025-05-07,100000,cancelled
ORD-00672,DIST-044,2025-05-04,100000,delivered
ORD-00673,DIST-044,2026-03-29,50000,pending
ORD-00674,DIST-044,2025-04-04,200000,delivered
ORD-00675,DIST-044,2024-12-23,50000,delivered
ORD-00676,DIST-044,2025-07-13,75000,pending
ORD-00677,DIST-045,2025-10-16,300000,pending
ORD-00678,DIST-045,2025-02-04,75000,delivered
ORD-00679,DIST-045,2025-07-08,150000,delivered
ORD-00680,DIST-045,2024-12-22,150000,delivered
ORD-00681,DIST-045,2024-12-02,150000,delivered
ORD-00682,DIST-045,2024-06-28,100000,pending
ORD-00683,DIST-045,2026-05-27,300000,delivered
ORD-00684,DIST-045,2025-03-26,25000,cancelled
ORD-00685,DIST-045,2025-07-24,50000,delivered
ORD-00686,DIST-045,2026-03-11,75000,delivered
ORD-00687,DIST-045,2026-04-06,100000,delivered
ORD-00688,DIST-045,2025-06-22,150000,delivered
ORD-00689,DIST-045,2025-10-04,150000,delivered
ORD-00690,DIST-045,2025-11-01,300000,pending
ORD-00691,DIST-045,2026-05-10,25000,delivered
ORD-00692,DIST-045,2025-06-04,300000,delivered
ORD-00693,DIST-045,2025-12-02,25000,delivered
ORD-00694,DIST-045,2024-09-20,200000,delivered
ORD-00695,DIST-045,2026-04-12,200000,delivered
ORD-00696,DIST-045,2026-02-18,200000,delivered
ORD-00697,DIST-045,2026-04-25,300000,delivered
ORD-00698,DIST-045,2025-05-06,100000,pending
ORD-00699,DIST-045,2024-09-17,75000,delivered
ORD-00700,DIST-045,2025-01-14,150000,delivered
ORD-00701,DIST-046,2026-01-16,50000,delivered
ORD-00702,DIST-046,2025-08-31,100000,delivered
ORD-00703,DIST-046,2026-04-27,150000,delivered
ORD-00704,DIST-046,2024-11-02,25000,delivered
ORD-00705,DIST-046,2025-10-08,100000,delivered
ORD-00706,DIST-046,2024-08-27,200000,delivered
ORD-00707,DIST-046,2024-10-24,75000,delivered
ORD-00708,DIST-046,2025-09-10,150000,delivered
ORD-00709,DIST-046,2025-10-08,25000,delivered
ORD-00710,DIST-046,2025-08-23,100000,delivered
ORD-00711,DIST-046,2025-04-23,25000,delivered
ORD-00712,DIST-046,2026-05-29,300000,delivered
ORD-00713,DIST-046,2025-05-18,200000,delivered
ORD-00714,DIST-046,2024-11-16,200000,pending
ORD-00715,DIST-046,2025-02-05,150000,delivered
ORD-00716,DIST-046,2024-11-11,100000,delivered
ORD-00717,DIST-046,2025-09-17,100000,delivered
ORD-00718,DIST-046,2026-03-07,200000,delivered
ORD-00719,DIST-046,2026-04-05,25000,delivered
ORD-00720,DIST-046,2026-02-19,100000,cancelled
ORD-00721,DIST-046,2026-01-28,25000,delivered
ORD-00722,DIST-047,2024-12-28,200000,delivered
ORD-00723,DIST-047,2024-08-04,300000,delivered
ORD-00724,DIST-047,2025-12-02,75000,delivered
ORD-00725,DIST-047,2024-12-19,75000,delivered
ORD-00726,DIST-047,2026-04-18,150000,cancelled
ORD-00727,DIST-047,2026-03-17,100000,delivered
ORD-00728,DIST-047,2026-02-16,25000,delivered
ORD-00729,DIST-047,2025-05-23,100000,delivered
ORD-00730,DIST-047,2026-02-23,200000,delivered
ORD-00731,DIST-047,2026-05-24,150000,cancelled
ORD-00732,DIST-048,2024-08-26,75000,delivered
ORD-00733,DIST-048,2024-09-29,25000,delivered
ORD-00734,DIST-048,2024-12-05,50000,delivered
ORD-00735,DIST-048,2025-11-06,150000,delivered
ORD-00736,DIST-048,2024-10-20,100000,delivered
ORD-00737,DIST-048,2024-12-08,150000,delivered
ORD-00738,DIST-048,2026-05-12,50000,pending
ORD-00739,DIST-048,2025-12-21,75000,delivered
ORD-00740,DIST-048,2024-10-22,300000,delivered
ORD-00741,DIST-048,2025-09-05,300000,delivered
ORD-00742,DIST-048,2025-06-03,100000,pending
ORD-00743,DIST-048,2024-10-18,100000,delivered
ORD-00744,DIST-048,2025-12-28,100000,delivered
ORD-00745,DIST-048,2025-07-24,100000,delivered
ORD-00746,DIST-048,2026-05-29,100000,cancelled
ORD-00747,DIST-048,2024-11-19,25000,delivered
ORD-00748,DIST-048,2025-01-12,75000,delivered
ORD-00749,DIST-048,2025-01-17,50000,delivered
ORD-00750,DIST-048,2025-09-12,300000,delivered
ORD-00751,DIST-048,2025-10-21,25000,delivered
ORD-00752,DIST-048,2026-01-08,300000,delivered
ORD-00753,DIST-048,2025-12-09,75000,cancelled
ORD-00754,DIST-049,2024-07-13,100000,delivered
ORD-00755,DIST-049,2025-12-12,100000,delivered
ORD-00756,DIST-049,2024-09-13,200000,delivered
ORD-00757,DIST-049,2025-02-09,25000,delivered
ORD-00758,DIST-049,2025-09-04,300000,delivered
ORD-00759,DIST-049,2024-08-29,25000,delivered
ORD-00760,DIST-049,2025-01-29,200000,delivered
ORD-00761,DIST-049,2026-01-24,300000,delivered
ORD-00762,DIST-049,2026-05-29,100000,delivered
ORD-00763,DIST-049,2024-11-17,300000,delivered
ORD-00764,DIST-049,2024-12-29,300000,cancelled
ORD-00765,DIST-049,2024-07-31,150000,delivered
ORD-00766,DIST-049,2025-03-15,50000,delivered
ORD-00767,DIST-049,2025-04-28,75000,pending
ORD-00768,DIST-049,2025-03-24,300000,delivered
ORD-00769,DIST-049,2025-11-09,200000,pending
ORD-00770,DIST-049,2024-09-06,300000,delivered
ORD-00771,DIST-049,2025-07-27,75000,pending
ORD-00772,DIST-049,2026-04-03,300000,delivered
ORD-00773,DIST-049,2024-10-14,200000,delivered
ORD-00774,DIST-049,2025-04-26,300000,cancelled
ORD-00775,DIST-050,2025-07-08,150000,delivered
ORD-00776,DIST-050,2026-03-10,,delivered
ORD-00777,DIST-050,2025-06-20,200000,delivered
ORD-00778,DIST-050,2024-09-04,200000,delivered
ORD-00779,DIST-050,2025-03-12,75000,delivered
ORD-00780,DIST-050,2025-09-09,,pending
ORD-00781,DIST-050,2026-01-17,300000,delivered
ORD-00782,DIST-050,2024-09-04,100000,delivered
ORD-00783,DIST-050,2026-03-13,75000,delivered
ORD-00784,DIST-050,2024-08-04,100000,delivered
ORD-00785,DIST-050,2025-01-10,300000,pending
ORD-00786,DIST-050,2025-01-03,75000,delivered
ORD-00787,DIST-050,2025-03-18,150000,delivered
ORD-00788,DIST-050,2024-10-12,100000,delivered
ORD-00789,DIST-050,2025-05-18,300000,cancelled
ORD-00790,DIST-050,2024-07-20,200000,delivered
ORD-00791,DIST-050,2025-09-14,300000,delivered
ORD-00792,DIST-050,2024-11-09,25000,delivered
ORD-00793,DIST-050,2025-08-13,200000,delivered
ORD-00794,DIST-050,2024-10-14,75000,cancelled
ORD-00795,DIST-050,2024-11-10,75000,cancelled
ORD-00796,DIST-050,2024-09-04,75000,delivered
ORD-00797,DIST-050,2024-08-24,200000,delivered
ORD-00798,DIST-050,2024-11-17,200000,delivered
ORD-00799,DIST-050,2025-04-09,300000,delivered
ORD-00800,DIST-051,2025-08-14,200000,delivered
ORD-00801,DIST-051,2024-09-06,100000,delivered
ORD-00802,DIST-051,2024-08-19,50000,delivered
ORD-00803,DIST-051,2025-11-14,25000,delivered
ORD-00804,DIST-051,2024-06-09,300000,delivered
ORD-00805,DIST-051,2024-10-02,100000,pending
ORD-00806,DIST-051,2026-05-12,25000,delivered
ORD-00807,DIST-051,2025-01-21,200000,delivered
ORD-00808,DIST-051,2024-09-13,75000,delivered
ORD-00809,DIST-051,2025-04-03,300000,delivered
ORD-00810,DIST-051,2024-10-15,200000,delivered
ORD-00811,DIST-052,2024-08-10,25000,delivered
ORD-00812,DIST-052,2026-02-15,100000,delivered
ORD-00813,DIST-052,2025-05-26,200000,delivered
ORD-00814,DIST-052,2024-11-03,150000,pending
ORD-00815,DIST-052,2026-05-05,50000,delivered
ORD-00816,DIST-052,2024-08-28,50000,cancelled
ORD-00817,DIST-052,2024-10-05,100000,delivered
ORD-00818,DIST-052,2025-05-26,75000,pending
ORD-00819,DIST-053,2025-02-09,25000,delivered
ORD-00820,DIST-053,2025-02-10,150000,delivered
ORD-00821,DIST-053,2026-06-09,300000,delivered
ORD-00822,DIST-053,2026-05-09,300000,delivered
ORD-00823,DIST-053,2026-04-06,50000,cancelled
ORD-00824,DIST-053,2025-11-13,50000,delivered
ORD-00825,DIST-053,2025-07-07,25000,delivered
ORD-00826,DIST-053,2025-02-01,25000,delivered
ORD-00827,DIST-054,2025-10-25,25000,delivered
ORD-00828,DIST-054,2025-11-23,25000,cancelled
ORD-00829,DIST-054,2025-06-05,50000,pending
ORD-00830,DIST-054,2025-07-02,150000,cancelled
ORD-00831,DIST-054,2025-08-05,200000,delivered
ORD-00832,DIST-054,2024-11-24,300000,delivered
ORD-00833,DIST-054,2024-08-14,25000,delivered
ORD-00834,DIST-054,2024-06-15,25000,delivered
ORD-00835,DIST-054,2024-08-01,100000,pending
ORD-00836,DIST-054,2025-11-01,200000,delivered
ORD-00837,DIST-054,2025-10-27,100000,delivered
ORD-00838,DIST-055,2024-08-24,150000,delivered
ORD-00839,DIST-055,2026-02-21,25000,delivered
ORD-00840,DIST-055,2025-04-14,50000,delivered
ORD-00841,DIST-055,2024-11-07,100000,delivered
ORD-00842,DIST-055,2026-01-22,300000,delivered
ORD-00843,DIST-055,2026-03-28,25000,delivered
ORD-00844,DIST-055,2025-04-14,200000,delivered
ORD-00845,DIST-055,2025-01-31,25000,delivered
ORD-00846,DIST-055,2025-08-19,150000,delivered
ORD-00847,DIST-055,2026-02-14,200000,delivered
ORD-00848,DIST-055,2026-04-05,25000,delivered
ORD-00849,DIST-055,2024-06-13,200000,delivered
ORD-00850,DIST-055,2024-06-12,75000,delivered
ORD-00851,DIST-055,2025-11-18,300000,delivered
ORD-00852,DIST-055,2026-06-09,75000,delivered
ORD-00853,DIST-055,2024-10-08,300000,delivered
ORD-00854,DIST-056,2024-09-29,25000,delivered
ORD-00855,DIST-056,2025-05-10,75000,cancelled
ORD-00856,DIST-056,2025-11-19,200000,delivered
ORD-00857,DIST-056,2026-01-12,100000,delivered
ORD-00858,DIST-056,2025-09-10,25000,delivered
ORD-00859,DIST-056,2025-10-25,50000,cancelled
ORD-00860,DIST-056,2025-06-12,300000,delivered
ORD-00861,DIST-056,2024-09-14,200000,cancelled
ORD-00862,DIST-056,2024-09-27,150000,delivered
ORD-00863,DIST-056,2024-06-03,300000,delivered
ORD-00864,DIST-056,2024-06-13,100000,delivered
ORD-00865,DIST-056,2025-06-08,50000,delivered
ORD-00866,DIST-057,2024-07-07,200000,delivered
ORD-00867,DIST-057,2026-04-03,75000,delivered
ORD-00868,DIST-057,2025-02-10,200000,delivered
ORD-00869,DIST-057,2025-04-24,25000,delivered
ORD-00870,DIST-057,2026-01-07,150000,delivered
ORD-00871,DIST-057,2026-04-21,50000,pending
ORD-00872,DIST-057,2025-01-15,25000,cancelled
ORD-00873,DIST-057,2025-07-16,100000,delivered
ORD-00874,DIST-057,2025-03-17,75000,delivered
ORD-00875,DIST-058,2024-08-28,25000,delivered
ORD-00876,DIST-058,2025-06-13,150000,delivered
ORD-00877,DIST-058,2025-04-08,50000,delivered
ORD-00878,DIST-058,2025-09-19,100000,delivered
ORD-00879,DIST-058,2024-12-18,150000,delivered
ORD-00880,DIST-058,2025-02-07,100000,delivered
ORD-00881,DIST-058,2024-06-25,75000,delivered
ORD-00882,DIST-058,2026-03-14,25000,cancelled
ORD-00883,DIST-058,2025-05-10,200000,delivered
ORD-00884,DIST-058,2025-06-21,200000,cancelled
ORD-00885,DIST-058,2025-04-11,150000,delivered
ORD-00886,DIST-058,2025-01-30,25000,delivered
ORD-00887,DIST-058,2024-10-24,25000,delivered
ORD-00888,DIST-058,2024-07-15,300000,pending
ORD-00889,DIST-059,2025-07-28,75000,delivered
ORD-00890,DIST-059,2025-09-13,25000,pending
ORD-00891,DIST-059,2026-01-16,50000,delivered
ORD-00892,DIST-059,2026-03-15,25000,cancelled
ORD-00893,DIST-059,2026-01-28,100000,delivered
ORD-00894,DIST-059,2026-04-10,50000,pending
ORD-00895,DIST-059,2025-03-26,75000,delivered
ORD-00896,DIST-059,2025-07-08,200000,delivered
ORD-00897,DIST-059,2025-05-01,75000,delivered
ORD-00898,DIST-059,2025-01-26,50000,delivered
ORD-00899,DIST-059,2024-10-18,150000,delivered
ORD-00900,DIST-059,2024-09-20,50000,delivered
ORD-00901,DIST-059,2025-09-04,100000,delivered
ORD-00902,DIST-059,2024-10-02,300000,delivered
ORD-00903,DIST-059,2024-12-30,100000,delivered
ORD-00904,DIST-059,2025-02-27,25000,cancelled
ORD-00905,DIST-059,2024-11-09,75000,cancelled
ORD-00906,DIST-059,2026-05-23,25000,delivered
ORD-00907,DIST-059,2025-01-07,75000,cancelled
ORD-00908,DIST-059,2024-10-30,50000,delivered
ORD-00909,DIST-060,2025-07-11,200000,delivered
ORD-00910,DIST-060,2025-04-03,50000,delivered
ORD-00911,DIST-060,2024-07-02,300000,pending
ORD-00912,DIST-060,2025-09-07,150000,delivered
ORD-00913,DIST-060,2025-02-11,25000,delivered
ORD-00914,DIST-060,2024-10-22,25000,delivered
ORD-00915,DIST-060,2025-01-14,300000,delivered
ORD-00916,DIST-060,2025-07-16,200000,delivered
ORD-00917,DIST-060,2026-03-23,150000,delivered
ORD-00918,DIST-060,2025-02-21,25000,pending
ORD-00919,DIST-060,2024-06-23,50000,pending
ORD-00920,DIST-060,2026-03-24,50000,delivered
ORD-00921,DIST-060,2024-09-03,300000,pending
ORD-00922,DIST-060,2025-05-06,100000,delivered
ORD-00923,DIST-060,2024-07-22,150000,delivered
ORD-00924,DIST-061,2025-07-10,100000,delivered
ORD-00925,DIST-061,2026-05-01,75000,delivered
ORD-00926,DIST-061,2025-01-06,75000,pending
ORD-00927,DIST-061,2025-03-14,50000,delivered
ORD-00928,DIST-061,2024-07-06,150000,delivered
ORD-00929,DIST-061,2025-02-07,100000,delivered
ORD-00930,DIST-061,2025-07-27,100000,cancelled
ORD-00931,DIST-061,2024-08-02,100000,delivered
ORD-00932,DIST-061,2024-10-19,200000,delivered
ORD-00933,DIST-061,2025-11-21,300000,delivered
ORD-00934,DIST-061,2025-12-09,100000,delivered
ORD-00935,DIST-061,2026-06-01,150000,delivered
ORD-00936,DIST-061,2025-10-10,150000,delivered
ORD-00937,DIST-061,2025-10-28,75000,delivered
ORD-00938,DIST-061,2024-12-02,150000,delivered
ORD-00939,DIST-061,2025-01-11,300000,delivered
ORD-00940,DIST-061,2025-03-15,100000,delivered
ORD-00941,DIST-062,2025-06-02,50000,delivered
ORD-00942,DIST-062,2024-11-11,200000,delivered
ORD-00943,DIST-062,2025-02-02,300000,delivered
ORD-00944,DIST-062,2024-07-28,50000,delivered
ORD-00945,DIST-062,2026-01-11,300000,cancelled
ORD-00946,DIST-062,2025-07-03,300000,delivered
ORD-00947,DIST-062,2024-11-25,150000,delivered
ORD-00948,DIST-062,2025-04-22,200000,cancelled
ORD-00949,DIST-062,2025-06-03,25000,pending
ORD-00950,DIST-062,2026-05-22,150000,delivered
ORD-00951,DIST-062,2025-12-30,50000,delivered
ORD-00952,DIST-062,2025-10-18,50000,delivered
ORD-00953,DIST-062,2025-10-16,25000,delivered
ORD-00954,DIST-062,2025-01-25,25000,delivered
ORD-00955,DIST-062,2025-11-22,75000,delivered
ORD-00956,DIST-062,2026-02-19,50000,delivered
ORD-00957,DIST-062,2025-05-15,300000,delivered
ORD-00958,DIST-062,2025-04-28,50000,delivered
ORD-00959,DIST-062,2026-01-22,50000,delivered
ORD-00960,DIST-062,2024-09-22,300000,cancelled
ORD-00961,DIST-063,2024-08-14,200000,delivered
ORD-00962,DIST-063,2025-07-11,75000,delivered
ORD-00963,DIST-063,2025-04-06,50000,delivered
ORD-00964,DIST-063,2025-08-22,100000,delivered
ORD-00965,DIST-063,2026-03-27,200000,delivered
ORD-00966,DIST-063,2025-12-28,150000,delivered
ORD-00967,DIST-063,2025-06-01,150000,delivered
ORD-00968,DIST-063,2024-11-27,200000,delivered
ORD-00969,DIST-063,2026-05-07,50000,delivered
ORD-00970,DIST-063,2024-06-02,150000,pending
ORD-00971,DIST-063,2025-07-06,300000,cancelled
ORD-00972,DIST-063,2026-01-03,150000,delivered
ORD-00973,DIST-063,2025-04-22,150000,pending
ORD-00974,DIST-063,2025-01-13,25000,delivered
ORD-00975,DIST-063,2025-10-22,200000,delivered
ORD-00976,DIST-064,2025-01-30,75000,delivered
ORD-00977,DIST-064,2024-11-19,25000,delivered
ORD-00978,DIST-064,2026-05-27,200000,delivered
ORD-00979,DIST-064,2025-05-10,75000,delivered
ORD-00980,DIST-064,2025-01-01,25000,delivered
ORD-00981,DIST-064,2025-05-25,25000,delivered
ORD-00982,DIST-065,2024-07-20,200000,delivered
ORD-00983,DIST-065,2025-08-04,100000,pending
ORD-00984,DIST-065,2025-10-18,75000,cancelled
ORD-00985,DIST-065,2025-12-12,300000,delivered
ORD-00986,DIST-066,2026-01-13,200000,delivered
ORD-00987,DIST-066,2025-01-17,25000,delivered
ORD-00988,DIST-066,2024-07-05,75000,delivered
ORD-00989,DIST-066,2025-02-23,25000,pending
ORD-00990,DIST-066,2025-05-17,100000,delivered
ORD-00991,DIST-066,2024-11-12,150000,delivered
ORD-00992,DIST-066,2024-09-04,150000,delivered
ORD-00993,DIST-066,2025-10-08,100000,delivered
ORD-00994,DIST-066,2026-04-01,100000,delivered
ORD-00995,DIST-066,2024-11-08,75000,delivered
ORD-00996,DIST-066,2024-12-28,100000,pending
ORD-00997,DIST-066,2026-05-15,200000,delivered
ORD-00998,DIST-066,2025-12-06,75000,delivered
ORD-00999,DIST-066,2025-04-01,25000,delivered
ORD-01000,DIST-066,2025-07-08,300000,delivered
ORD-01001,DIST-066,2025-10-16,75000,delivered
ORD-01002,DIST-066,2024-06-04,75000,delivered
ORD-01003,DIST-066,2026-04-09,100000,delivered
ORD-01004,DIST-066,2024-12-22,50000,delivered
ORD-01005,DIST-067,2026-03-16,25000,delivered
ORD-01006,DIST-067,2025-09-28,75000,cancelled
ORD-01007,DIST-067,2025-07-13,200000,delivered
ORD-01008,DIST-067,2025-02-27,150000,delivered
ORD-01009,DIST-067,2025-07-02,100000,delivered
ORD-01010,DIST-067,2025-06-14,25000,delivered
ORD-01011,DIST-067,2025-02-25,75000,delivered
ORD-01012,DIST-067,2025-01-18,150000,cancelled
ORD-01013,DIST-067,2024-08-03,200000,delivered
ORD-01014,DIST-068,2024-09-08,75000,delivered
ORD-01015,DIST-068,2025-12-07,300000,delivered
ORD-01016,DIST-068,2026-01-25,25000,delivered
ORD-01017,DIST-068,2025-07-02,100000,cancelled
ORD-01018,DIST-068,2025-12-01,100000,delivered
ORD-01019,DIST-068,2026-01-08,100000,cancelled
ORD-01020,DIST-068,2025-04-03,300000,delivered
ORD-01021,DIST-068,2026-06-02,150000,delivered
ORD-01022,DIST-068,2025-11-12,200000,cancelled
ORD-01023,DIST-068,2026-02-26,300000,delivered
ORD-01024,DIST-068,2025-09-03,50000,delivered
ORD-01025,DIST-068,2025-01-03,50000,cancelled
ORD-01026,DIST-068,2024-07-14,200000,delivered
ORD-01027,DIST-068,2025-08-20,300000,delivered
ORD-01028,DIST-068,2026-03-05,150000,delivered
ORD-01029,DIST-068,2025-02-20,200000,delivered
ORD-01030,DIST-068,2024-08-08,150000,delivered
ORD-01031,DIST-068,2025-07-12,300000,delivered
ORD-01032,DIST-068,2025-03-10,300000,delivered
ORD-01033,DIST-068,2024-06-13,150000,delivered
ORD-01034,DIST-068,2026-01-23,100000,delivered
ORD-01035,DIST-068,2024-09-24,50000,delivered
ORD-01036,DIST-068,2026-01-02,300000,delivered
ORD-01037,DIST-068,2024-09-11,150000,pending
ORD-01038,DIST-068,2024-09-12,300000,delivered
ORD-01039,DIST-069,2025-05-19,75000,cancelled
ORD-01040,DIST-069,2025-06-28,150000,delivered
ORD-01041,DIST-069,2026-02-14,50000,delivered
ORD-01042,DIST-069,2025-03-10,150000,delivered
ORD-01043,DIST-069,2026-02-14,100000,delivered
ORD-01044,DIST-069,2024-07-10,75000,delivered
ORD-01045,DIST-069,2026-05-09,200000,delivered
ORD-01046,DIST-069,2025-09-30,75000,pending
ORD-01047,DIST-069,2024-06-21,300000,delivered
ORD-01048,DIST-069,2025-04-07,300000,delivered
ORD-01049,DIST-069,2025-10-17,200000,cancelled
ORD-01050,DIST-069,2024-09-09,50000,pending
ORD-01051,DIST-069,2024-10-16,200000,delivered
ORD-01052,DIST-069,2025-08-28,75000,delivered
ORD-01053,DIST-069,2025-03-03,150000,delivered
ORD-01054,DIST-069,2026-03-24,100000,delivered
ORD-01055,DIST-069,2025-01-03,100000,pending
ORD-01056,DIST-069,2025-10-10,300000,delivered
ORD-01057,DIST-069,2025-06-18,150000,cancelled
ORD-01058,DIST-069,2024-11-10,200000,delivered
ORD-01059,DIST-069,2025-11-01,300000,delivered
ORD-01060,DIST-070,2026-01-04,50000,delivered
ORD-01061,DIST-070,2024-12-23,50000,cancelled
ORD-01062,DIST-070,2024-07-04,75000,delivered
ORD-01063,DIST-070,2026-05-23,75000,delivered
ORD-01064,DIST-070,2025-09-19,200000,delivered
ORD-01065,DIST-070,2024-10-05,50000,delivered
ORD-01066,DIST-070,2025-06-17,100000,delivered
ORD-01067,DIST-070,2024-11-29,100000,pending
ORD-01068,DIST-070,2026-01-22,75000,delivered
ORD-01069,DIST-070,2024-11-15,75000,cancelled
ORD-01070,DIST-070,2026-05-07,25000,delivered
ORD-01071,DIST-070,2025-07-01,300000,delivered
ORD-01072,DIST-070,2026-01-07,50000,delivered
ORD-01073,DIST-070,2025-01-13,200000,delivered
ORD-01074,DIST-070,2024-12-29,100000,delivered
ORD-01075,DIST-070,2025-11-08,300000,delivered
ORD-01076,DIST-070,2026-04-30,50000,delivered
ORD-01077,DIST-070,2026-03-25,300000,delivered
ORD-01078,DIST-070,2024-06-09,150000,delivered
ORD-01079,DIST-070,2025-04-09,200000,delivered
ORD-01080,DIST-071,2025-03-09,100000,delivered
ORD-01081,DIST-071,2025-05-24,50000,delivered
ORD-01082,DIST-071,2025-09-21,150000,delivered
ORD-01083,DIST-071,2026-03-01,25000,delivered
ORD-01084,DIST-071,2024-06-08,200000,delivered
ORD-01085,DIST-071,2025-06-19,150000,delivered
ORD-01086,DIST-071,2026-02-14,200000,delivered
ORD-01087,DIST-071,2024-09-19,75000,delivered
ORD-01088,DIST-071,2025-03-11,300000,delivered
ORD-01089,DIST-071,2025-03-11,200000,delivered
ORD-01090,DIST-071,2026-03-30,50000,delivered
ORD-01091,DIST-071,2025-11-12,25000,delivered
ORD-01092,DIST-071,2026-02-05,75000,delivered
ORD-01093,DIST-071,2026-04-29,25000,delivered
ORD-01094,DIST-071,2026-04-03,75000,delivered
ORD-01095,DIST-071,2025-02-21,100000,pending
ORD-01096,DIST-071,2025-07-03,150000,delivered
ORD-01097,DIST-071,2026-05-27,300000,pending
ORD-01098,DIST-071,2024-12-12,200000,delivered
ORD-01099,DIST-071,2025-01-14,200000,delivered
ORD-01100,DIST-071,2025-10-01,200000,pending
ORD-01101,DIST-071,2025-06-03,300000,delivered
ORD-01102,DIST-071,2024-11-22,150000,cancelled
ORD-01103,DIST-071,2024-12-03,100000,delivered
ORD-01104,DIST-072,2025-02-20,150000,delivered
ORD-01105,DIST-072,2024-12-05,75000,pending
ORD-01106,DIST-072,2026-04-02,75000,delivered
ORD-01107,DIST-072,2025-01-15,75000,delivered
ORD-01108,DIST-072,2025-08-05,75000,delivered
ORD-01109,DIST-072,2025-06-16,75000,delivered
ORD-01110,DIST-072,2025-09-18,100000,cancelled
ORD-01111,DIST-072,2024-07-25,150000,cancelled
ORD-01112,DIST-073,2026-02-26,50000,delivered
ORD-01113,DIST-073,2025-10-26,200000,delivered
ORD-01114,DIST-073,2025-06-26,100000,delivered
ORD-01115,DIST-073,2024-07-26,50000,cancelled
ORD-01116,DIST-073,2024-10-19,75000,pending
ORD-01117,DIST-073,2025-07-25,100000,pending
ORD-01118,DIST-073,2024-10-25,200000,delivered
ORD-01119,DIST-073,2024-12-02,100000,delivered
ORD-01120,DIST-073,2025-05-07,50000,delivered
ORD-01121,DIST-073,2025-04-17,25000,delivered
ORD-01122,DIST-073,2025-09-06,300000,delivered
ORD-01123,DIST-073,2024-11-20,50000,delivered
ORD-01124,DIST-073,2025-10-15,300000,delivered
ORD-01125,DIST-073,2024-08-30,100000,delivered
ORD-01126,DIST-073,2026-03-11,100000,delivered
ORD-01127,DIST-073,2025-10-02,25000,delivered
ORD-01128,DIST-073,2025-11-29,,delivered
ORD-01129,DIST-073,2024-06-15,300000,cancelled
ORD-01130,DIST-073,2025-11-26,200000,delivered
ORD-01131,DIST-073,2024-06-05,50000,delivered
ORD-01132,DIST-073,2025-01-18,75000,delivered
ORD-01133,DIST-073,2025-04-16,100000,delivered
ORD-01134,DIST-074,2026-01-24,25000,delivered
ORD-01135,DIST-074,2024-07-17,75000,delivered
ORD-01136,DIST-074,2025-09-10,150000,delivered
ORD-01137,DIST-074,2025-11-19,200000,delivered
ORD-01138,DIST-074,2024-10-16,100000,delivered
ORD-01139,DIST-074,2025-06-03,50000,delivered
ORD-01140,DIST-074,2025-07-19,50000,delivered
ORD-01141,DIST-074,2024-10-13,25000,delivered
ORD-01142,DIST-074,2026-01-25,25000,delivered
ORD-01143,DIST-074,2025-06-11,300000,delivered
ORD-01144,DIST-074,2024-07-09,200000,delivered
ORD-01145,DIST-074,2025-02-17,150000,delivered
ORD-01146,DIST-074,2024-07-20,25000,delivered
ORD-01147,DIST-074,2026-04-09,300000,delivered
ORD-01148,DIST-074,2024-06-21,25000,delivered
ORD-01149,DIST-074,2025-08-01,25000,delivered
ORD-01150,DIST-074,2025-12-13,200000,delivered
ORD-01151,DIST-074,2024-11-04,200000,delivered
ORD-01152,DIST-074,2026-03-08,100000,delivered
ORD-01153,DIST-074,2026-04-09,150000,delivered
ORD-01154,DIST-075,2026-02-28,50000,delivered
ORD-01155,DIST-075,2025-08-03,25000,cancelled
ORD-01156,DIST-075,2025-11-06,25000,delivered
ORD-01157,DIST-075,2025-03-17,25000,delivered
ORD-01158,DIST-075,2025-10-23,50000,delivered
ORD-01159,DIST-075,2025-02-25,50000,cancelled
ORD-01160,DIST-075,2025-06-02,75000,delivered
ORD-01161,DIST-075,2024-11-12,100000,delivered
ORD-01162,DIST-075,2024-12-30,100000,delivered
ORD-01163,DIST-075,2025-05-05,25000,delivered
ORD-01164,DIST-075,2026-04-19,25000,delivered
ORD-01165,DIST-075,2026-01-09,50000,delivered
ORD-01166,DIST-076,2025-11-06,200000,delivered
ORD-01167,DIST-076,2024-09-12,200000,pending
ORD-01168,DIST-076,2025-01-23,75000,delivered
ORD-01169,DIST-076,2025-02-26,25000,delivered
ORD-01170,DIST-076,2024-11-26,300000,cancelled
ORD-01171,DIST-076,2025-03-25,200000,delivered
ORD-01172,DIST-077,2025-08-11,25000,delivered
ORD-01173,DIST-077,2024-07-17,50000,delivered
ORD-01174,DIST-077,2026-04-11,75000,delivered
ORD-01175,DIST-077,2025-06-02,150000,cancelled
ORD-01176,DIST-077,2025-03-02,25000,cancelled
ORD-01177,DIST-077,2025-06-17,50000,cancelled
ORD-01178,DIST-077,2024-09-25,100000,delivered
ORD-01179,DIST-077,2025-03-06,200000,cancelled
ORD-01180,DIST-077,2025-10-03,200000,delivered
ORD-01181,DIST-077,2024-11-18,200000,delivered
ORD-01182,DIST-077,2024-07-31,300000,pending
ORD-01183,DIST-077,2024-11-11,150000,delivered
ORD-01184,DIST-077,2025-10-08,200000,cancelled
ORD-01185,DIST-077,2025-08-23,100000,delivered
ORD-01186,DIST-078,2026-02-17,200000,delivered
ORD-01187,DIST-078,2024-10-12,100000,delivered
ORD-01188,DIST-078,2024-09-24,100000,cancelled
ORD-01189,DIST-078,2024-07-18,200000,delivered
ORD-01190,DIST-078,2025-04-18,300000,delivered
ORD-01191,DIST-078,2026-04-26,200000,delivered
ORD-01192,DIST-078,2026-01-12,50000,delivered
ORD-01193,DIST-078,2026-04-17,150000,cancelled
ORD-01194,DIST-078,2025-11-18,150000,delivered
ORD-01195,DIST-078,2024-09-06,200000,delivered
ORD-01196,DIST-078,2025-02-10,200000,delivered
ORD-01197,DIST-078,2026-04-24,50000,delivered
ORD-01198,DIST-078,2025-12-24,150000,cancelled
ORD-01199,DIST-078,2024-07-26,50000,delivered
ORD-01200,DIST-078,2025-10-31,300000,cancelled
ORD-01201,DIST-079,2024-11-17,100000,delivered
ORD-01202,DIST-079,2025-04-25,75000,delivered
ORD-01203,DIST-079,2024-07-22,150000,delivered
ORD-01204,DIST-079,2026-03-21,300000,delivered
ORD-01205,DIST-079,2025-01-27,100000,delivered
ORD-01206,DIST-079,2026-01-08,300000,delivered
ORD-01207,DIST-079,2025-10-24,25000,delivered
ORD-01208,DIST-079,2025-10-23,25000,delivered
ORD-01209,DIST-079,2024-09-14,25000,delivered
ORD-01210,DIST-079,2025-12-23,300000,delivered
ORD-01211,DIST-079,2024-09-02,150000,delivered
ORD-01212,DIST-079,2026-03-15,150000,delivered
ORD-01213,DIST-079,2025-12-28,200000,delivered
ORD-01214,DIST-079,2025-09-11,75000,pending
ORD-01215,DIST-079,2024-07-26,300000,cancelled
ORD-01216,DIST-079,2025-09-09,300000,delivered
ORD-01217,DIST-079,2026-02-25,200000,delivered
ORD-01218,DIST-079,2026-04-04,100000,delivered
ORD-01219,DIST-079,2024-09-25,200000,delivered
ORD-01220,DIST-080,2024-06-03,300000,delivered
ORD-01221,DIST-080,2026-03-11,75000,pending
ORD-01222,DIST-080,2025-12-13,200000,delivered
ORD-01223,DIST-080,2024-09-17,50000,delivered
ORD-01224,DIST-080,2025-10-18,200000,delivered
ORD-01225,DIST-080,2026-06-09,75000,delivered
ORD-01226,DIST-080,2026-02-16,25000,delivered
ORD-01227,DIST-080,2025-07-08,300000,delivered
ORD-01228,DIST-080,2024-12-13,25000,delivered
ORD-01229,DIST-080,2025-07-30,200000,delivered
ORD-01230,DIST-080,2026-04-20,300000,delivered
ORD-01231,DIST-081,2025-09-12,150000,delivered
ORD-01232,DIST-081,2024-10-16,25000,pending
ORD-01233,DIST-081,2025-11-26,150000,delivered
ORD-01234,DIST-081,2025-08-18,100000,cancelled
ORD-01235,DIST-081,2025-11-03,50000,delivered
ORD-01236,DIST-081,2026-05-10,200000,delivered
ORD-01237,DIST-081,2024-10-10,200000,delivered
ORD-01238,DIST-081,2026-02-05,75000,delivered
ORD-01239,DIST-081,2025-10-30,100000,cancelled
ORD-01240,DIST-081,2026-02-14,300000,pending
ORD-01241,DIST-081,2025-02-10,75000,delivered
ORD-01242,DIST-081,2025-03-29,50000,delivered
ORD-01243,DIST-081,2024-10-20,200000,delivered
ORD-01244,DIST-081,2025-11-07,200000,delivered
ORD-01245,DIST-081,2025-12-13,200000,cancelled
ORD-01246,DIST-081,2025-12-19,50000,delivered
ORD-01247,DIST-081,2025-01-01,75000,delivered
ORD-01248,DIST-081,2026-05-05,200000,delivered
ORD-01249,DIST-082,2026-05-29,50000,delivered
ORD-01250,DIST-082,2025-10-29,200000,delivered
ORD-01251,DIST-082,2025-04-27,300000,delivered
ORD-01252,DIST-082,2025-05-27,150000,delivered
ORD-01253,DIST-082,2026-01-06,200000,pending
ORD-01254,DIST-082,2025-08-02,300000,delivered
ORD-01255,DIST-082,2025-11-29,300000,delivered
ORD-01256,DIST-082,2025-08-07,150000,cancelled
ORD-01257,DIST-083,2024-06-26,25000,delivered
ORD-01258,DIST-083,2026-04-18,75000,delivered
ORD-01259,DIST-083,2024-11-12,200000,pending
ORD-01260,DIST-083,2025-02-12,25000,delivered
ORD-01261,DIST-083,2026-05-09,50000,delivered
ORD-01262,DIST-083,2025-12-07,300000,delivered
ORD-01263,DIST-083,2025-09-07,300000,delivered
ORD-01264,DIST-084,2025-12-28,200000,cancelled
ORD-01265,DIST-084,2026-03-25,50000,delivered
ORD-01266,DIST-084,2025-11-06,300000,delivered
ORD-01267,DIST-084,2026-05-14,200000,delivered
ORD-01268,DIST-084,2024-07-19,100000,pending
ORD-01269,DIST-084,2025-08-01,200000,pending
ORD-01270,DIST-084,2025-04-17,25000,pending
ORD-01271,DIST-084,2024-06-14,50000,delivered
ORD-01272,DIST-084,2026-02-26,300000,cancelled
ORD-01273,DIST-084,2025-08-28,200000,cancelled
ORD-01274,DIST-084,2026-05-23,75000,delivered
ORD-01275,DIST-084,2026-01-24,150000,delivered
ORD-01276,DIST-084,2024-12-19,50000,delivered
ORD-01277,DIST-084,2025-03-29,200000,delivered
ORD-01278,DIST-084,2024-08-16,50000,delivered
ORD-01279,DIST-084,2025-11-09,25000,delivered
ORD-01280,DIST-084,2025-08-13,75000,delivered
ORD-01281,DIST-084,2024-10-12,300000,delivered
ORD-01282,DIST-084,2025-02-17,100000,delivered
ORD-01283,DIST-084,2026-05-28,25000,pending
ORD-01284,DIST-084,2024-11-05,150000,pending
ORD-01285,DIST-084,2024-07-23,200000,delivered
ORD-01286,DIST-084,2026-02-21,75000,cancelled
ORD-01287,DIST-084,2025-10-16,150000,delivered
ORD-01288,DIST-084,2025-06-02,200000,delivered
ORD-01289,DIST-085,2025-11-21,50000,delivered
ORD-01290,DIST-085,2025-11-16,150000,delivered
ORD-01291,DIST-085,2024-11-11,150000,delivered
ORD-01292,DIST-085,2025-07-19,50000,delivered
ORD-01293,DIST-085,2025-01-05,75000,delivered
ORD-01294,DIST-085,2025-06-05,300000,delivered
ORD-01295,DIST-085,2026-02-24,150000,delivered
ORD-01296,DIST-085,2026-03-27,200000,delivered
ORD-01297,DIST-085,2025-05-21,200000,delivered
ORD-01298,DIST-085,2026-02-19,50000,pending
ORD-01299,DIST-085,2024-07-11,75000,delivered
ORD-01300,DIST-085,2025-06-26,25000,pending
ORD-01301,DIST-085,2025-07-01,200000,delivered
ORD-01302,DIST-085,2025-03-17,150000,delivered
ORD-01303,DIST-086,2025-11-09,100000,cancelled
ORD-01304,DIST-086,2025-10-12,200000,delivered
ORD-01305,DIST-086,2024-12-15,25000,delivered
ORD-01306,DIST-086,2024-09-07,300000,delivered
ORD-01307,DIST-086,2025-12-03,200000,delivered
ORD-01308,DIST-086,2024-08-07,200000,delivered
ORD-01309,DIST-086,2025-01-05,100000,cancelled
ORD-01310,DIST-086,2024-09-15,300000,delivered
ORD-01311,DIST-086,2026-05-21,200000,cancelled
ORD-01312,DIST-086,2025-08-20,25000,delivered
ORD-01313,DIST-086,2026-05-04,100000,delivered
ORD-01314,DIST-086,2026-06-05,25000,delivered
ORD-01315,DIST-086,2024-08-15,300000,delivered
ORD-01316,DIST-086,2025-02-13,150000,delivered
ORD-01317,DIST-086,2025-01-20,100000,pending
ORD-01318,DIST-087,2025-09-05,100000,delivered
ORD-01319,DIST-087,2025-04-20,200000,delivered
ORD-01320,DIST-087,2024-09-30,200000,delivered
ORD-01321,DIST-087,2026-06-08,300000,delivered
ORD-01322,DIST-087,2026-01-21,300000,delivered
ORD-01323,DIST-087,2024-08-14,150000,delivered
ORD-01324,DIST-087,2024-09-17,200000,delivered
ORD-01325,DIST-087,2025-04-05,75000,delivered
ORD-01326,DIST-087,2025-08-23,300000,delivered
ORD-01327,DIST-087,2026-04-08,50000,delivered
ORD-01328,DIST-087,2025-11-29,200000,delivered
ORD-01329,DIST-087,2025-07-06,300000,delivered
ORD-01330,DIST-087,2025-12-11,200000,delivered
ORD-01331,DIST-087,2024-10-26,300000,delivered
ORD-01332,DIST-087,2026-03-26,25000,delivered
ORD-01333,DIST-087,2025-12-19,50000,cancelled
ORD-01334,DIST-088,2024-07-13,150000,delivered
ORD-01335,DIST-088,2025-07-09,25000,delivered
ORD-01336,DIST-088,2025-04-09,200000,delivered
ORD-01337,DIST-088,2025-05-19,200000,delivered
ORD-01338,DIST-088,2025-11-07,50000,delivered
ORD-01339,DIST-088,2025-01-13,75000,delivered
ORD-01340,DIST-088,2024-12-16,200000,delivered
ORD-01341,DIST-089,2024-07-26,150000,cancelled
ORD-01342,DIST-089,2025-09-16,25000,delivered
ORD-01343,DIST-089,2025-03-25,75000,delivered
ORD-01344,DIST-089,2024-09-09,150000,delivered
ORD-01345,DIST-089,2025-10-12,75000,pending
ORD-01346,DIST-089,2024-10-10,50000,delivered
ORD-01347,DIST-089,2024-09-11,25000,delivered
ORD-01348,DIST-089,2024-12-16,100000,delivered
ORD-01349,DIST-089,2025-05-03,75000,delivered
ORD-01350,DIST-089,2026-05-12,150000,delivered
ORD-01351,DIST-089,2026-01-02,75000,delivered
ORD-01352,DIST-089,2025-08-13,75000,delivered
ORD-01353,DIST-089,2025-02-08,200000,delivered
ORD-01354,DIST-089,2026-03-19,300000,delivered
ORD-01355,DIST-089,2025-06-04,200000,delivered
ORD-01356,DIST-089,2025-05-06,100000,cancelled
ORD-01357,DIST-089,2025-08-31,75000,delivered
ORD-01358,DIST-089,2025-10-12,50000,delivered
ORD-01359,DIST-089,2026-03-24,300000,delivered
ORD-01360,DIST-089,2025-03-15,50000,cancelled
ORD-01361,DIST-089,2025-12-04,200000,delivered
ORD-01362,DIST-089,2026-03-04,25000,delivered
ORD-01363,DIST-090,2025-11-02,300000,delivered
ORD-01364,DIST-090,2026-01-17,300000,delivered
ORD-01365,DIST-090,2026-01-26,25000,delivered
ORD-01366,DIST-090,2025-12-17,150000,delivered
ORD-01367,DIST-091,2026-04-01,75000,delivered
ORD-01368,DIST-091,2025-07-07,300000,delivered
ORD-01369,DIST-091,2026-01-25,75000,delivered
ORD-01370,DIST-091,2024-10-16,150000,delivered
ORD-01371,DIST-091,2024-09-01,150000,delivered
ORD-01372,DIST-091,2024-06-11,300000,delivered
ORD-01373,DIST-091,2026-02-19,300000,delivered
ORD-01374,DIST-091,2025-11-09,50000,delivered
ORD-01375,DIST-091,2024-12-01,150000,delivered
ORD-01376,DIST-091,2026-04-07,50000,cancelled
ORD-01377,DIST-091,2025-10-09,25000,pending
ORD-01378,DIST-091,2025-01-11,50000,delivered
ORD-01379,DIST-091,2024-08-04,50000,delivered
ORD-01380,DIST-091,2024-07-14,150000,delivered
ORD-01381,DIST-091,2025-06-05,100000,delivered
ORD-01382,DIST-091,2024-07-18,200000,delivered
ORD-01383,DIST-091,2025-04-28,150000,delivered
ORD-01384,DIST-091,2026-03-11,300000,cancelled
ORD-01385,DIST-091,2025-02-25,150000,delivered
ORD-01386,DIST-092,2025-06-21,75000,delivered
ORD-01387,DIST-092,2026-01-23,300000,delivered
ORD-01388,DIST-092,2024-08-19,100000,delivered
ORD-01389,DIST-092,2025-01-15,75000,delivered
ORD-01390,DIST-092,2025-05-20,100000,delivered
ORD-01391,DIST-092,2026-02-09,50000,delivered
ORD-01392,DIST-092,2025-08-25,25000,delivered
ORD-01393,DIST-092,2025-11-09,50000,delivered
ORD-01394,DIST-092,2024-11-01,75000,delivered
ORD-01395,DIST-093,2026-06-05,200000,cancelled
ORD-01396,DIST-093,2025-01-22,75000,delivered
ORD-01397,DIST-093,2026-06-08,200000,delivered
ORD-01398,DIST-093,2025-10-04,150000,delivered
ORD-01399,DIST-093,2024-11-13,100000,delivered
ORD-01400,DIST-093,2024-06-23,50000,delivered
ORD-01401,DIST-093,2026-01-09,50000,delivered
ORD-01402,DIST-093,2026-03-07,150000,delivered
ORD-01403,DIST-093,2024-10-29,75000,delivered
ORD-01404,DIST-093,2024-12-02,100000,delivered
ORD-01405,DIST-093,2026-02-04,200000,pending
ORD-01406,DIST-093,2024-06-20,200000,cancelled
ORD-01407,DIST-093,2026-04-09,25000,cancelled
ORD-01408,DIST-093,2025-01-08,100000,delivered
ORD-01409,DIST-093,2025-10-07,300000,delivered
ORD-01410,DIST-093,2025-07-26,300000,delivered
ORD-01411,DIST-093,2026-01-18,50000,cancelled
ORD-01412,DIST-093,2026-03-01,75000,delivered
ORD-01413,DIST-093,2024-11-19,75000,delivered
ORD-01414,DIST-093,2025-09-08,25000,delivered
ORD-01415,DIST-093,2025-01-22,50000,delivered
ORD-01416,DIST-093,2024-09-20,150000,delivered
ORD-01417,DIST-093,2025-10-30,300000,delivered
ORD-01418,DIST-094,2026-02-11,100000,delivered
ORD-01419,DIST-094,2026-02-20,300000,delivered
ORD-01420,DIST-094,2025-11-27,25000,delivered
ORD-01421,DIST-094,2024-09-04,50000,delivered
ORD-01422,DIST-094,2026-02-08,25000,delivered
ORD-01423,DIST-094,2026-04-26,150000,delivered
ORD-01424,DIST-094,2025-08-05,25000,delivered
ORD-01425,DIST-094,2026-05-16,50000,delivered
ORD-01426,DIST-095,2025-06-26,300000,delivered
ORD-01427,DIST-095,2026-05-15,100000,delivered
ORD-01428,DIST-095,2024-10-16,300000,delivered
ORD-01429,DIST-095,2025-01-25,25000,pending
ORD-01430,DIST-095,2025-03-18,150000,delivered
ORD-01431,DIST-095,2025-07-24,25000,delivered
ORD-01432,DIST-095,2026-05-28,25000,delivered
ORD-01433,DIST-095,2026-01-13,150000,delivered
ORD-01434,DIST-095,2024-06-08,50000,delivered
ORD-01435,DIST-095,2026-05-06,100000,cancelled
ORD-01436,DIST-095,2025-06-06,100000,delivered
ORD-01437,DIST-095,2026-03-30,75000,delivered
ORD-01438,DIST-095,2025-12-01,75000,delivered
ORD-01439,DIST-095,2026-02-17,200000,delivered
ORD-01440,DIST-095,2025-07-12,100000,delivered
ORD-01441,DIST-095,2025-12-18,100000,delivered
ORD-01442,DIST-095,2024-12-01,150000,delivered
ORD-01443,DIST-095,2025-10-09,75000,delivered
ORD-01444,DIST-095,2026-01-13,200000,delivered
ORD-01445,DIST-096,2024-10-20,200000,cancelled
ORD-01446,DIST-096,2024-09-30,100000,delivered
ORD-01447,DIST-096,2026-05-18,25000,pending
ORD-01448,DIST-096,2025-01-06,300000,delivered
ORD-01449,DIST-096,2025-05-13,150000,cancelled
ORD-01450,DIST-096,2026-05-15,25000,delivered
ORD-01451,DIST-096,2024-11-12,200000,delivered
ORD-01452,DIST-096,2024-06-06,300000,cancelled
ORD-01453,DIST-096,2024-10-27,150000,delivered
ORD-01454,DIST-096,2025-08-20,75000,delivered
ORD-01455,DIST-096,2025-01-14,150000,delivered
ORD-01456,DIST-096,2024-07-09,100000,delivered
ORD-01457,DIST-096,2026-02-19,75000,delivered
ORD-01458,DIST-096,2026-05-30,25000,pending
ORD-01459,DIST-096,2024-11-27,100000,delivered
ORD-01460,DIST-096,2024-06-11,200000,delivered
ORD-01461,DIST-097,2025-03-20,300000,delivered
ORD-01462,DIST-097,2026-02-04,200000,delivered
ORD-01463,DIST-097,2025-01-24,200000,delivered
ORD-01464,DIST-097,2024-07-07,200000,delivered
ORD-01465,DIST-097,2024-06-01,25000,pending
ORD-01466,DIST-097,2025-03-10,75000,delivered
ORD-01467,DIST-097,2026-04-17,150000,delivered
ORD-01468,DIST-097,2024-12-23,200000,delivered
ORD-01469,DIST-097,2026-05-22,25000,delivered
ORD-01470,DIST-097,2025-12-15,300000,delivered
ORD-01471,DIST-097,2025-12-25,75000,pending
ORD-01472,DIST-097,2025-05-22,75000,pending
ORD-01473,DIST-097,2025-01-18,50000,delivered
ORD-01474,DIST-097,2025-09-09,150000,pending
ORD-01475,DIST-097,2024-06-05,100000,delivered
ORD-01476,DIST-097,2025-11-01,25000,delivered
ORD-01477,DIST-097,2025-10-29,25000,delivered
ORD-01478,DIST-097,2025-11-08,150000,pending
ORD-01479,DIST-097,2026-01-10,100000,delivered
ORD-01480,DIST-097,2025-06-22,300000,delivered
ORD-01481,DIST-098,2025-05-14,100000,pending
ORD-01482,DIST-098,2026-04-29,150000,delivered
ORD-01483,DIST-098,2024-06-29,75000,delivered
ORD-01484,DIST-098,2024-08-09,300000,delivered
ORD-01485,DIST-098,2025-01-12,50000,delivered
ORD-01486,DIST-098,2025-04-20,75000,delivered
ORD-01487,DIST-098,2025-11-11,200000,delivered
ORD-01488,DIST-098,2025-02-25,25000,delivered
ORD-01489,DIST-098,2025-07-14,300000,delivered
ORD-01490,DIST-098,2025-05-17,50000,delivered
ORD-01491,DIST-098,2025-10-01,50000,delivered
ORD-01492,DIST-099,2025-03-03,200000,delivered
ORD-01493,DIST-099,2026-05-01,50000,pending
ORD-01494,DIST-099,2025-10-24,50000,delivered
ORD-01495,DIST-099,2025-02-03,50000,cancelled
ORD-01496,DIST-099,2025-01-21,50000,delivered
ORD-01497,DIST-099,2026-02-24,300000,delivered
ORD-01498,DIST-099,2024-09-18,25000,delivered
ORD-01499,DIST-099,2026-04-24,100000,pending
ORD-01500,DIST-099,2026-02-19,300000,delivered
ORD-01501,DIST-099,2025-12-07,300000,pending
ORD-01502,DIST-099,2025-10-07,75000,delivered
ORD-01503,DIST-099,2025-10-18,150000,cancelled
ORD-01504,DIST-099,2025-03-09,300000,delivered
ORD-01505,DIST-099,2025-11-06,50000,delivered
ORD-01506,DIST-099,2026-01-12,150000,delivered
ORD-01507,DIST-099,2025-08-08,150000,delivered
ORD-01508,DIST-099,2024-07-04,100000,delivered
ORD-01509,DIST-099,2026-05-04,100000,delivered
ORD-01510,DIST-099,2024-10-02,100000,delivered
ORD-01511,DIST-099,2025-04-20,25000,delivered
ORD-01512,DIST-099,2026-04-22,150000,delivered
ORD-01513,DIST-099,2024-09-12,150000,delivered
ORD-01514,DIST-100,2024-12-09,50000,delivered
ORD-01515,DIST-100,2025-03-03,150000,delivered
ORD-01516,DIST-100,2025-05-18,100000,delivered
ORD-01517,DIST-100,2025-08-09,200000,delivered
ORD-01518,DIST-100,2025-06-17,100000,delivered
ORD-01519,DIST-100,2025-03-14,150000,delivered
ORD-01520,DIST-100,2024-10-13,200000,pending
ORD-01521,DIST-100,2025-01-21,200000,cancelled
ORD-01522,DIST-100,2025-03-04,150000,cancelled
ORD-01523,DIST-100,2025-08-17,50000,cancelled
ORD-01524,DIST-100,2024-10-28,200000,cancelled
ORD-01525,DIST-100,2024-11-01,25000,delivered
ORD-01526,DIST-101,2025-08-06,300000,delivered
ORD-01527,DIST-101,2026-03-08,200000,delivered
ORD-01528,DIST-101,2025-04-20,75000,delivered
ORD-01529,DIST-101,2025-02-12,150000,delivered
ORD-01530,DIST-101,2024-07-19,200000,delivered
ORD-01531,DIST-101,2024-11-15,300000,delivered
ORD-01532,DIST-101,2025-02-16,200000,delivered
ORD-01533,DIST-101,2024-09-07,75000,delivered
ORD-01534,DIST-101,2025-02-22,150000,delivered
ORD-01535,DIST-102,2025-02-19,100000,delivered
ORD-01536,DIST-102,2024-10-03,200000,delivered
ORD-01537,DIST-102,2026-02-11,150000,delivered
ORD-01538,DIST-102,2026-03-28,50000,delivered
ORD-01539,DIST-102,2025-03-19,200000,delivered
ORD-01540,DIST-102,2025-11-05,200000,delivered
ORD-01541,DIST-102,2025-09-01,100000,cancelled
ORD-01542,DIST-102,2026-02-19,200000,delivered
ORD-01543,DIST-102,2024-10-27,200000,cancelled
ORD-01544,DIST-102,2025-05-12,150000,delivered
ORD-01545,DIST-102,2026-01-07,25000,delivered
ORD-01546,DIST-102,2024-08-21,50000,delivered
ORD-01547,DIST-102,2025-04-18,75000,delivered
ORD-01548,DIST-102,2026-05-29,200000,delivered
ORD-01549,DIST-102,2025-07-10,100000,delivered
ORD-01550,DIST-102,2025-06-07,150000,delivered
ORD-01551,DIST-102,2025-09-05,50000,delivered
ORD-01552,DIST-102,2024-06-24,50000,delivered
ORD-01553,DIST-102,2026-04-09,200000,delivered
ORD-01554,DIST-102,2026-05-19,50000,delivered
ORD-01555,DIST-102,2024-11-18,25000,delivered
ORD-01556,DIST-103,2025-09-28,25000,delivered
ORD-01557,DIST-103,2025-07-12,25000,delivered
ORD-01558,DIST-103,2024-09-15,50000,delivered
ORD-01559,DIST-103,2024-08-26,100000,delivered
ORD-01560,DIST-103,2025-04-13,200000,delivered
ORD-01561,DIST-103,2025-03-18,50000,delivered
ORD-01562,DIST-104,2025-11-22,25000,cancelled
ORD-01563,DIST-104,2024-07-06,300000,delivered
ORD-01564,DIST-104,2025-04-30,100000,cancelled
ORD-01565,DIST-104,2025-12-06,150000,pending
ORD-01566,DIST-104,2025-08-30,200000,delivered
ORD-01567,DIST-104,2025-12-05,150000,delivered
ORD-01568,DIST-104,2025-09-11,200000,delivered
ORD-01569,DIST-104,2025-12-30,200000,delivered
ORD-01570,DIST-105,2025-11-29,75000,delivered
ORD-01571,DIST-105,2025-10-07,300000,delivered
ORD-01572,DIST-105,2024-08-31,75000,delivered
ORD-01573,DIST-105,2025-07-28,75000,delivered
ORD-01574,DIST-105,2024-06-11,300000,delivered
ORD-01575,DIST-105,2024-10-18,100000,delivered
ORD-01576,DIST-105,2025-11-30,100000,delivered
ORD-01577,DIST-105,2025-10-02,300000,delivered
ORD-01578,DIST-105,2025-08-15,150000,delivered
ORD-01579,DIST-105,2025-01-23,150000,delivered
ORD-01580,DIST-105,2025-06-18,150000,delivered
ORD-01581,DIST-105,2025-08-22,50000,delivered
ORD-01582,DIST-105,2026-06-03,100000,delivered
ORD-01583,DIST-105,2025-06-23,25000,delivered
ORD-01584,DIST-105,2025-08-07,150000,delivered
ORD-01585,DIST-105,2026-02-18,200000,cancelled
ORD-01586,DIST-105,2025-03-06,200000,delivered
ORD-01587,DIST-105,2025-11-27,100000,cancelled
ORD-01588,DIST-105,2024-12-10,50000,cancelled
ORD-01589,DIST-105,2024-10-18,200000,delivered
ORD-01590,DIST-105,2025-09-10,75000,delivered
ORD-01591,DIST-105,2026-05-19,50000,delivered
ORD-01592,DIST-105,2025-04-25,25000,delivered
ORD-01593,DIST-105,2025-11-30,25000,delivered
ORD-01594,DIST-106,2025-03-03,100000,delivered
ORD-01595,DIST-106,2024-06-09,50000,delivered
ORD-01596,DIST-106,2024-06-16,75000,delivered
ORD-01597,DIST-106,2025-08-05,300000,delivered
ORD-01598,DIST-106,2025-10-24,100000,pending
ORD-01599,DIST-106,2026-05-15,75000,delivered
ORD-01600,DIST-106,2024-08-22,50000,cancelled
ORD-01601,DIST-106,2024-07-28,100000,delivered
ORD-01602,DIST-106,2024-08-13,50000,delivered
ORD-01603,DIST-106,2024-12-14,75000,cancelled
ORD-01604,DIST-106,2025-06-26,25000,cancelled
ORD-01605,DIST-106,2026-06-02,300000,delivered
ORD-01606,DIST-106,2025-08-28,25000,delivered
ORD-01607,DIST-107,2025-09-15,25000,delivered
ORD-01608,DIST-107,2025-11-16,50000,delivered
ORD-01609,DIST-107,2025-09-28,75000,delivered
ORD-01610,DIST-107,2025-04-27,200000,delivered
ORD-01611,DIST-107,2024-07-14,150000,delivered
ORD-01612,DIST-107,2025-11-16,100000,delivered
ORD-01613,DIST-107,2026-03-16,75000,delivered
ORD-01614,DIST-107,2024-07-24,50000,cancelled
ORD-01615,DIST-107,2024-09-24,100000,delivered
ORD-01616,DIST-107,2025-04-29,300000,delivered
ORD-01617,DIST-108,2026-01-20,300000,delivered
ORD-01618,DIST-108,2025-02-04,25000,delivered
ORD-01619,DIST-108,2026-01-17,100000,delivered
ORD-01620,DIST-108,2026-05-06,75000,delivered
ORD-01621,DIST-108,2024-08-31,100000,delivered
ORD-01622,DIST-108,2024-09-02,75000,delivered
ORD-01623,DIST-108,2026-03-03,75000,delivered
ORD-01624,DIST-108,2026-03-23,150000,delivered
ORD-01625,DIST-108,2024-09-18,50000,delivered
ORD-01626,DIST-108,2025-04-21,300000,pending
ORD-01627,DIST-108,2026-03-23,300000,delivered
ORD-01628,DIST-108,2025-08-24,25000,delivered
ORD-01629,DIST-109,2025-06-02,75000,delivered
ORD-01630,DIST-109,2024-07-11,100000,delivered
ORD-01631,DIST-109,2025-12-25,200000,delivered
ORD-01632,DIST-109,2025-10-15,50000,delivered
ORD-01633,DIST-109,2025-12-09,200000,delivered
ORD-01634,DIST-109,2025-09-23,300000,delivered
ORD-01635,DIST-109,2026-02-04,150000,pending
ORD-01636,DIST-109,2024-11-12,50000,delivered
ORD-01637,DIST-109,2025-09-04,75000,delivered
ORD-01638,DIST-109,2025-12-07,25000,delivered
ORD-01639,DIST-109,2026-03-16,200000,delivered
ORD-01640,DIST-109,2024-12-07,150000,cancelled
ORD-01641,DIST-109,2025-06-08,50000,delivered
ORD-01642,DIST-109,2025-04-25,200000,delivered
ORD-01643,DIST-109,2025-12-04,50000,cancelled
ORD-01644,DIST-109,2025-11-19,300000,delivered
ORD-01645,DIST-110,2024-11-05,75000,delivered
ORD-01646,DIST-110,2025-07-25,25000,delivered
ORD-01647,DIST-110,2024-09-07,25000,delivered
ORD-01648,DIST-110,2024-07-15,50000,cancelled
ORD-01649,DIST-110,2024-11-30,50000,cancelled
ORD-01650,DIST-110,2024-09-18,25000,delivered
ORD-01651,DIST-110,2024-07-03,300000,delivered
ORD-01652,DIST-110,2025-07-03,150000,delivered
ORD-01653,DIST-110,2026-03-01,75000,delivered
ORD-01654,DIST-110,2024-07-21,150000,delivered
ORD-01655,DIST-110,2026-06-06,50000,delivered
ORD-01656,DIST-110,2026-04-03,300000,delivered
ORD-01657,DIST-110,2024-08-21,200000,delivered
ORD-01658,DIST-110,2024-08-02,200000,delivered
ORD-01659,DIST-110,2025-07-31,300000,cancelled
ORD-01660,DIST-110,2026-05-27,150000,delivered
ORD-01661,DIST-110,2025-02-28,200000,delivered
ORD-01662,DIST-110,2024-08-12,25000,cancelled
ORD-01663,DIST-110,2025-01-08,25000,pending
ORD-01664,DIST-110,2024-09-12,150000,delivered
ORD-01665,DIST-110,2025-06-30,150000,delivered
ORD-01666,DIST-111,2025-02-10,50000,delivered
ORD-01667,DIST-111,2025-12-24,100000,delivered
ORD-01668,DIST-111,2024-09-17,150000,delivered
ORD-01669,DIST-111,2025-06-02,200000,delivered
ORD-01670,DIST-111,2026-04-13,25000,delivered
ORD-01671,DIST-111,2024-11-18,150000,delivered
ORD-01672,DIST-111,2025-07-17,200000,delivered
ORD-01673,DIST-111,2024-11-09,150000,delivered
ORD-01674,DIST-111,2025-08-28,75000,pending
ORD-01675,DIST-111,2025-12-16,75000,pending
ORD-01676,DIST-111,2025-06-16,200000,delivered
ORD-01677,DIST-111,2025-08-15,75000,cancelled
ORD-01678,DIST-111,2026-02-14,150000,delivered
ORD-01679,DIST-111,2025-01-06,150000,delivered
ORD-01680,DIST-111,2025-02-16,100000,delivered
ORD-01681,DIST-111,2025-09-02,25000,pending
ORD-01682,DIST-111,2024-07-06,150000,pending
ORD-01683,DIST-111,2024-06-17,75000,delivered
ORD-01684,DIST-111,2024-06-07,50000,delivered
ORD-01685,DIST-111,2025-01-06,25000,cancelled
ORD-01686,DIST-111,2026-05-08,150000,cancelled
ORD-01687,DIST-111,2025-11-06,150000,delivered
ORD-01688,DIST-111,2024-11-06,100000,delivered
ORD-01689,DIST-111,2025-05-31,75000,delivered
ORD-01690,DIST-111,2025-06-11,50000,cancelled
ORD-01691,DIST-112,2025-02-18,25000,cancelled
ORD-01692,DIST-112,2026-01-06,50000,delivered
ORD-01693,DIST-112,2024-08-19,300000,delivered
ORD-01694,DIST-112,2025-10-08,300000,delivered
ORD-01695,DIST-112,2026-05-08,300000,delivered
ORD-01696,DIST-112,2024-09-06,75000,delivered
ORD-01697,DIST-112,2024-07-09,150000,delivered
ORD-01698,DIST-112,2025-06-26,25000,delivered
ORD-01699,DIST-112,2025-05-09,300000,delivered
ORD-01700,DIST-112,2025-08-19,300000,delivered
ORD-01701,DIST-112,2024-10-02,50000,cancelled
ORD-01702,DIST-113,2026-02-07,200000,pending
ORD-01703,DIST-113,2026-03-10,75000,delivered
ORD-01704,DIST-113,2025-11-19,150000,delivered
ORD-01705,DIST-113,2025-12-31,150000,delivered
ORD-01706,DIST-113,2026-05-16,25000,delivered
ORD-01707,DIST-113,2026-04-21,100000,delivered
ORD-01708,DIST-113,2025-08-31,150000,delivered
ORD-01709,DIST-113,2025-10-30,100000,delivered
ORD-01710,DIST-113,2025-03-24,50000,delivered
ORD-01711,DIST-113,2024-10-14,100000,delivered
ORD-01712,DIST-113,2026-01-07,150000,delivered
ORD-01713,DIST-113,2025-07-14,100000,delivered
ORD-01714,DIST-113,2025-10-27,200000,delivered
ORD-01715,DIST-113,2024-10-12,100000,delivered
ORD-01716,DIST-113,2025-12-25,100000,delivered
ORD-01717,DIST-113,2026-03-30,150000,delivered
ORD-01718,DIST-113,2026-02-21,150000,pending
ORD-01719,DIST-113,2025-02-08,75000,delivered
ORD-01720,DIST-113,2025-08-15,150000,delivered
ORD-01721,DIST-113,2024-08-31,100000,delivered
ORD-01722,DIST-113,2025-08-08,50000,delivered
ORD-01723,DIST-113,2025-04-25,200000,delivered
ORD-01724,DIST-113,2024-06-25,50000,delivered
ORD-01725,DIST-113,2025-05-25,300000,delivered
ORD-01726,DIST-114,2026-03-01,25000,delivered
ORD-01727,DIST-114,2025-01-26,75000,delivered
ORD-01728,DIST-114,2024-11-07,300000,delivered
ORD-01729,DIST-114,2024-08-27,25000,delivered
ORD-01730,DIST-114,2025-02-04,50000,pending
ORD-01731,DIST-114,2025-03-22,200000,delivered
ORD-01732,DIST-114,2024-09-22,100000,delivered
ORD-01733,DIST-114,2024-06-24,200000,delivered
ORD-01734,DIST-114,2025-12-03,150000,delivered
ORD-01735,DIST-114,2025-11-18,150000,delivered
ORD-01736,DIST-114,2025-10-08,50000,delivered
ORD-01737,DIST-114,2026-05-13,25000,delivered
ORD-01738,DIST-114,2025-06-21,200000,delivered
ORD-01739,DIST-114,2025-11-22,50000,delivered
ORD-01740,DIST-114,2024-08-01,300000,delivered
ORD-01741,DIST-114,2026-05-15,25000,delivered
ORD-01742,DIST-114,2025-09-20,25000,delivered
ORD-01743,DIST-114,2024-08-08,75000,delivered
ORD-01744,DIST-115,2026-04-07,25000,delivered
ORD-01745,DIST-115,2024-06-20,200000,delivered
ORD-01746,DIST-115,2025-07-01,100000,delivered
ORD-01747,DIST-115,2025-11-03,25000,pending
ORD-01748,DIST-115,2025-04-20,150000,delivered
ORD-01749,DIST-115,2025-11-27,50000,delivered
ORD-01750,DIST-115,2025-10-26,150000,pending
ORD-01751,DIST-115,2026-05-31,50000,delivered
ORD-01752,DIST-115,2025-11-25,100000,delivered
ORD-01753,DIST-115,2025-07-08,25000,delivered
ORD-01754,DIST-115,2025-05-22,75000,delivered
ORD-01755,DIST-115,2026-03-03,150000,delivered
ORD-01756,DIST-115,2025-03-10,200000,cancelled
ORD-01757,DIST-115,2025-02-19,300000,cancelled
ORD-01758,DIST-115,2024-07-01,75000,pending
ORD-01759,DIST-115,2025-01-17,100000,delivered
ORD-01760,DIST-115,2026-04-04,200000,delivered
ORD-01761,DIST-115,2025-06-27,200000,delivered
ORD-01762,DIST-115,2026-02-18,200000,cancelled
ORD-01763,DIST-115,2025-01-19,150000,delivered
ORD-01764,DIST-115,2024-11-04,75000,delivered
ORD-01765,DIST-115,2026-02-10,150000,delivered
ORD-01766,DIST-115,2024-10-13,50000,delivered
ORD-01767,DIST-115,2026-01-16,300000,delivered
ORD-01768,DIST-115,2024-12-25,75000,cancelled
ORD-01769,DIST-116,2024-10-17,300000,delivered
ORD-01770,DIST-116,2024-10-27,150000,delivered
ORD-01771,DIST-116,2024-11-09,150000,delivered
ORD-01772,DIST-116,2025-11-28,25000,pending
ORD-01773,DIST-116,2024-12-06,50000,delivered
ORD-01774,DIST-116,2024-07-01,100000,delivered
ORD-01775,DIST-116,2025-07-27,200000,delivered
ORD-01776,DIST-116,2026-03-15,75000,pending
ORD-01777,DIST-116,2024-11-03,25000,delivered
ORD-01778,DIST-116,2024-10-13,300000,delivered
ORD-01779,DIST-116,2026-02-17,150000,delivered
ORD-01780,DIST-116,2026-01-02,150000,delivered
ORD-01781,DIST-116,2025-01-24,25000,delivered
ORD-01782,DIST-116,2025-06-03,300000,delivered
ORD-01783,DIST-116,2025-10-02,300000,delivered
ORD-01784,DIST-116,2026-02-10,200000,delivered
ORD-01785,DIST-116,2025-06-18,100000,delivered
ORD-01786,DIST-116,2025-10-17,50000,delivered
ORD-01787,DIST-116,2024-12-15,100000,delivered
ORD-01788,DIST-116,2024-06-16,100000,pending
ORD-01789,DIST-117,2026-04-19,300000,pending
ORD-01790,DIST-117,2024-12-27,100000,delivered
ORD-01791,DIST-117,2026-02-22,75000,delivered
ORD-01792,DIST-117,2025-09-12,100000,cancelled
ORD-01793,DIST-117,2025-07-20,150000,delivered
ORD-01794,DIST-117,2025-06-25,100000,delivered
ORD-01795,DIST-117,2026-02-17,150000,pending
ORD-01796,DIST-117,2026-01-30,200000,delivered
ORD-01797,DIST-117,2026-05-23,150000,delivered
ORD-01798,DIST-117,2024-09-20,300000,delivered
ORD-01799,DIST-117,2024-07-14,50000,cancelled
ORD-01800,DIST-118,2025-12-03,200000,delivered
ORD-01801,DIST-118,2024-07-11,150000,delivered
ORD-01802,DIST-118,2026-03-08,50000,pending
ORD-01803,DIST-118,2025-03-26,75000,delivered
ORD-01804,DIST-118,2025-03-20,100000,delivered
ORD-01805,DIST-118,2025-03-29,25000,delivered
ORD-01806,DIST-118,2026-05-08,50000,delivered
ORD-01807,DIST-118,2025-09-18,100000,cancelled
ORD-01808,DIST-118,2024-09-01,25000,delivered
ORD-01809,DIST-118,2024-12-02,200000,delivered
ORD-01810,DIST-118,2025-12-12,100000,delivered
ORD-01811,DIST-118,2025-04-28,50000,delivered
ORD-01812,DIST-118,2025-09-08,200000,delivered
ORD-01813,DIST-118,2024-12-24,25000,cancelled
ORD-01814,DIST-118,2025-02-12,200000,delivered
ORD-01815,DIST-118,2026-05-30,200000,delivered
ORD-01816,DIST-118,2024-10-05,200000,delivered
ORD-01817,DIST-118,2025-09-04,25000,delivered
ORD-01818,DIST-118,2025-11-19,200000,delivered
ORD-01819,DIST-118,2025-11-06,50000,delivered
